-- MySQL dump 10.13  Distrib 8.0.34, for Win64 (x86_64)
--
-- Host: 127.0.0.1    Database: assignment2
-- ------------------------------------------------------
-- Server version	8.0.34

/*!40101 SET @OLD_CHARACTER_SET_CLIENT=@@CHARACTER_SET_CLIENT */;
/*!40101 SET @OLD_CHARACTER_SET_RESULTS=@@CHARACTER_SET_RESULTS */;
/*!40101 SET @OLD_COLLATION_CONNECTION=@@COLLATION_CONNECTION */;
/*!50503 SET NAMES utf8 */;
/*!40103 SET @OLD_TIME_ZONE=@@TIME_ZONE */;
/*!40103 SET TIME_ZONE='+00:00' */;
/*!40014 SET @OLD_UNIQUE_CHECKS=@@UNIQUE_CHECKS, UNIQUE_CHECKS=0 */;
/*!40014 SET @OLD_FOREIGN_KEY_CHECKS=@@FOREIGN_KEY_CHECKS, FOREIGN_KEY_CHECKS=0 */;
/*!40101 SET @OLD_SQL_MODE=@@SQL_MODE, SQL_MODE='NO_AUTO_VALUE_ON_ZERO' */;
/*!40111 SET @OLD_SQL_NOTES=@@SQL_NOTES, SQL_NOTES=0 */;

--
-- Table structure for table `accounts`
--

DROP TABLE IF EXISTS `accounts`;
/*!40101 SET @saved_cs_client     = @@character_set_client */;
/*!50503 SET character_set_client = utf8mb4 */;
CREATE TABLE `accounts` (
  `userId` varchar(50) NOT NULL,
  `password` varchar(255) NOT NULL,
  `email` varchar(100) DEFAULT NULL,
  `group` varchar(255) DEFAULT NULL,
  `isActive` enum('active','not active') DEFAULT 'active',
  `created_at` datetime DEFAULT CURRENT_TIMESTAMP,
  PRIMARY KEY (`userId`),
  UNIQUE KEY `userId` (`userId`),
  UNIQUE KEY `email` (`email`)
) ENGINE=InnoDB DEFAULT CHARSET=utf8mb3;
/*!40101 SET character_set_client = @saved_cs_client */;

--
-- Dumping data for table `accounts`
--

LOCK TABLES `accounts` WRITE;
/*!40000 ALTER TABLE `accounts` DISABLE KEYS */;
INSERT INTO `accounts` VALUES ('admin','$2a$10$wlnwVUwMK1yulhmOncWpVu5VOvGPx7okc3ou9962IE6w5B7O/utnm','hello@test','admin,pl,pm,devops','active','2023-09-08 16:32:33'),('dev1','$2a$10$qNuF4HB0r4V02NcHOFwmD.CN5huTg3EcC6aCrCE4HAA3pi2jb3qhS','helloworld@test','devops','active','2023-09-21 08:40:19'),('dev2','$2a$10$DnjCUu4.BqJA6Hv6zwtKme2Exe9NQChQ1irtsTP7erhMpczqvhc82',NULL,'devops','active','2023-09-21 13:06:34'),('pl','$2a$10$fZZDiHcQ8vX2EK.gYyG5JOrFTBr/1qjj/c9Apzmmwa8D7d53.HBWu','test2@test','pl','active','2023-09-20 14:25:50'),('pm','$2a$10$5zQOY96fxFkig5NU2m2ZIeBU1KqGxU0AgyyBLR1htBLnEVu/QcT7.','pm@test','pm','active','2023-09-21 08:40:39'),('user','$2a$10$aBQl8.JDZJHfMUMtELNWteJyE35FlAuVW85WT.IVOJ3GoD0KZuxmK','test@test','user','active','2023-09-14 09:48:53');
/*!40000 ALTER TABLE `accounts` ENABLE KEYS */;
UNLOCK TABLES;

--
-- Table structure for table `application`
--

DROP TABLE IF EXISTS `application`;
/*!40101 SET @saved_cs_client     = @@character_set_client */;
/*!50503 SET character_set_client = utf8mb4 */;
CREATE TABLE `application` (
  `App_Acronym` varchar(50) NOT NULL,
  `App_Description` longtext,
  `App_Rnumber` int NOT NULL,
  `App_startDate` datetime DEFAULT NULL,
  `App_endDate` datetime DEFAULT NULL,
  `App_permit_Open` varchar(50) DEFAULT NULL,
  `App_permit_toDoList` varchar(50) DEFAULT NULL,
  `App_permit_Doing` varchar(50) DEFAULT NULL,
  `App_permit_Done` varchar(50) DEFAULT NULL,
  `App_permit_create` varchar(50) DEFAULT NULL,
  `Start_Rnumber` int DEFAULT NULL,
  `created_at` datetime DEFAULT CURRENT_TIMESTAMP,
  PRIMARY KEY (`App_Acronym`),
  UNIQUE KEY `App_Acronym` (`App_Acronym`)
) ENGINE=InnoDB DEFAULT CHARSET=utf8mb3;
/*!40101 SET character_set_client = @saved_cs_client */;

--
-- Dumping data for table `application`
--

LOCK TABLES `application` WRITE;
/*!40000 ALTER TABLE `application` DISABLE KEYS */;
INSERT INTO `application` VALUES ('birdpark','birdpark is cool',17,NULL,NULL,'pm','devops','devops','pl','pl',8,'2023-09-26 10:43:19'),('test',' ',10,'2023-09-12 00:00:00','2023-10-04 00:00:00','pm','devops','devops','pl','pl',2,'2023-09-19 16:14:45'),('zoo','import React, { useContext, useEffect, useState } from \"react\";\nimport Page from \"./Page\";\nimport { Link, useNavigate } from \"react-router-dom\";\nimport Axios from \"axios\";\nimport DispatchContext from \"../../DispatchContext\";\nimport { useImmerReducer } from \"use-immer\";\nimport { CSSTransition } from \"react-transition-group\";\nimport StateContext from \"../../StateContext\";\nimport CreatableSelect from \"react-select/creatable\";\nimport LoadingDotsIcon from \"./LoadingDotsIcon\";\nimport Select from \"react-select\";\nimport dayjs from \"dayjs\";\nimport { DatePicker } from \"@mui/x-date-pickers\";\n\nfunction CreateApp() {\n  const navigate = useNavigate();\n  const appDispatch = useContext(DispatchContext);\n  const appState = useContext(StateContext);\n\n  const initialState = {\n    App_Acronym: {\n      value: null\n    },\n    App_Description: {\n      value: \"\"\n    },\n    App_Rnumber: {\n      value: null\n    },\n    App_startDate: {\n      value: null\n    },\n    App_endDate: {\n      value: null\n    },\n    App_permit_Open: {\n      value: []\n    },\n    App_permit_toDoList: {\n      value: []\n    },\n    App_permit_Doing: {\n      value: []\n    },\n    App_permit_Done: {\n      value: []\n    },\n    submitCount: 0\n  };\n\n  function ourReducer(draft, action) {\n    switch (action.type) {\n      case \"App_AcronymImmediately\":\n        draft.App_Acronym.value = action.value;\n        return;\n      case \"App_DescriptionImmediately\":\n        draft.App_Description.value = action.value;\n        return;\n      case \"App_Rnumber\":\n        draft.App_Rnumber.value = action.value;\n        return;\n      case \"App_startDate\":\n        draft.App_startDate.value = action.value;\n        return;\n      case \"App_endDate\":\n        draft.App_endDate.value = action.value;\n        return;\n      case \"App_permit_Open\":\n        draft.App_permit_Open.value = action.value;\n        return;\n      case \"App_permit_toDoList\":\n        draft.App_permit_toDoList.value = action.value;\n        return;\n      case \"App_permit_Doing\":\n        draft.App_permit_Doing.value = action.value;\n        return;\n      case \"App_permit_Done\":\n        draft.App_permit_Done.value = action.value;\n        return;\n      case \"submitForm\":\n        draft.submitCount++;\n        return;\n      case \"RESET\":\n        return initialState;\n    }\n  }\n\n  const [state, dispatch] = useImmerReducer(ourReducer, initialState);\n\n  async function handleSubmit(e) {\n    e.preventDefault();\n    dispatch({ type: \"App_permit_Open\", value: selectedApp_permit_Open });\n    dispatch({ type: \"App_permit_toDoList\", value: selectedApp_permit_toDoList });\n    dispatch({ type: \"App_permit_Doing\", value: selectedApp_permit_Doing });\n    dispatch({ type: \"App_permit_Done\", value: selectedApp_permit_Done });\n\n    dispatch({ type: \"submitForm\" });\n  }\n\n  useEffect(() => {\n    if (state.submitCount) {\n      async function createApp() {\n        try {\n          const response = await Axios.post(\"/create-app\", { App_Acronym: state.App_Acronym.value, App_Description: state.App_Description.value, App_Rnumber: state.App_Rnumber.value, App_startDate: state.App_startDate.value, App_endDate: state.App_endDate.value, App_permit_Open: state.App_permit_Open.value, App_permit_toDoList: state.App_permit_toDoList.value, App_permit_Doing: state.App_permit_Doing.value, App_permit_Done: state.App_permit_Done.value }); // no need :\"\"  if same as the title\n          //redirect to new post url\n          appDispatch({ type: \"flashMessages\", value: \"CONGRATS! YOU CREATED AN App\" });\n          navigate(`/`);\n        } catch (e) {\n          if (e.response.status === 400) {\n            appDispatch({ type: \"flashMessagesError\", value: \"Error! Please enter App Acronym or Rnumber \" });\n          } else if (e.response.status === 401) {\n            appDispatch({ type: \"flashMessagesError\", value: \"Error! App Acronym has been registered\" });\n          } else {\n            appDispatch({ type: \"flashMessagesError\", value: \"There was an error creating app. Check inputs\" });\n          }\n          console.log(\"there was a problem\");\n        }\n      }\n      createApp();\n    }\n  }, [state.submitCount]);\n  //---------------for app_permit -------------------------\n\n  const [option, setOption] = useState([]);\n  const [App_permit_Open, setApp_permit_Open] = useState([{ label: \"pm\", value: \"pm\" }]);\n  const [App_permit_toDoList, setApp_permit_toDoList] = useState([{ label: \"devops\", value: \"devops\" }]);\n  const [App_permit_Doing, setApp_permit_Doing] = useState([{ label: \"devops\", value: \"devops\" }]);\n  const [App_permit_Done, setApp_permit_Done] = useState([{ label: \"pl\", value: \"pl\" }]);\n  //to view all groups in drop down\n  useEffect(() => {\n    async function fetchGroups() {\n      try {\n        Axios.defaults.withCredentials = true;\n        const response = await Axios.get(\"/viewGroups\");\n\n        const grouplist = response.data.data;\n        const options = grouplist.map(item => ({\n          label: item.group,\n          value: item.group.replace(/[, ]+/g, \"\")\n        }));\n\n        setOption(options);\n      } catch (e) {\n        console.log(\"There was a problem or the request was cancelled.\", e.response.data);\n      }\n    }\n    fetchGroups();\n  }, []);\n\n  //map from array of values\n  const selectedApp_permit_Open = App_permit_Open.map(option => option.value);\n  const selectedApp_permit_toDoList = App_permit_toDoList.map(option => option.value);\n  const selectedApp_permit_Doing = App_permit_Doing.map(option => option.value);\n\n  const selectedApp_permit_Done = App_permit_Done.map(option => option.value);\n\n  const Styles = {\n    control: provided => ({\n      ...provided,\n      width: \"200px\"\n    }),\n    menu: (provided, state) => ({\n      ...provided,\n      zIndex: 9999\n    })\n  };\n  const handleKeyDown = e => {\n    const key = e.key;\n\n    // Allow Backspace, ArrowLeft, ArrowRight, and Delete keys\n    if (key === \"Backspace\" || key === \"ArrowLeft\" || key === \"ArrowRight\" || key === \"Delete\") {\n      return;\n    }\n\n    // Prevent input of . and -\n    if (key === \".\" || key === \"-\") {\n      e.preventDefault();\n    }\n  };\n\n  return (\n    <Page title=\"Create new app\">\n      <Link className=\"large font-weight-bold pb\" to={`/`}>\n        &laquo;Back\n      </Link>\n      <div className=\"container py-5\">\n        <form onSubmit={handleSubmit}>\n          <div className=\"form-row\">\n            <div className=\"col-md-6 mb-3\">\n              <label htmlFor=\"post-title\" className=\"text-muted mb-1\">\n                <small>App_Acronym</small>\n              </label>\n              <input onChange={e => dispatch({ type: \"App_AcronymImmediately\", value: e.target.value })} autoFocus name=\"title\" id=\"post-title\" className=\"form-control form-control \" type=\"text\" placeholder=\"Enter a App Acronym\" autoComplete=\"off\" />\n            </div>\n            <div className=\"col-sm-2 mb-3\">\n              <label htmlFor=\"post-title\" className=\"text-muted mb-1\">\n                <small>App_Rnumber</small>\n              </label>\n              <input\n                onChange={e => dispatch({ type: \"App_Rnumber\", value: e.target.value })}\n                autoFocus\n                name=\"title\"\n                id=\"post-title\"\n                className=\"form-control form-control \"\n                pattern=\"[0-9]*\" // Only allows digits (0-9)\n                inputMode=\"numeric\" // Specifies the numeric input mode\n                placeholder=\"Enter only integers\"\n                type=\"number\"\n                onKeyDown={handleKeyDown}\n                autoComplete=\"off\"\n              />\n            </div>\n          </div>\n          <div className=\"form-group\">\n            <label htmlFor=\"post-body\" className=\"text-muted mb-1 d-block\">\n              <small>App_Description</small>\n            </label>\n            <textarea onChange={e => dispatch({ type: \"App_DescriptionImmediately\", value: e.target.value })} name=\"body\" id=\"post-body\" className=\"body-content textarea form-control\" type=\"text\" placeholder=\"Enter a Description \"></textarea>\n          </div>\n\n          <div className=\"form-row mb-3\">\n            <div className=\"col col-md-4\">\n              <label htmlFor=\"post-title\" className=\"text-muted mb-1\"></label>\n              <DatePicker views={[\"year\", \"month\", \"day\"]} onChange={newValue => dispatch({ type: \"App_startDate\", value: dayjs(newValue.$d).format(\"YYYY-MM-DD HH:mm:ss\") })} label=\"App_startDate\" />{\" \"}\n            </div>\n            <div className=\"col col-md-4 \">\n              <label htmlFor=\"post-title\" className=\"text-muted mb-1\"></label>\n              <DatePicker views={[\"year\", \"month\", \"day\"]} onChange={newValue => dispatch({ type: \"App_endDate\", value: dayjs(newValue.$d).format(\"YYYY-MM-DD HH:mm:ss\") })} label=\"App_endDate\" />\n            </div>\n          </div>\n          <div className=\"form-row\">\n            <div className=\"form-group col-md-3\">\n              <label htmlFor=\"post-title\" className=\"text-muted mb-1\">\n                <small>App_permit_Open</small>\n              </label>\n              <Select\n                styles={Styles}\n                isClearable\n                isMulti\n                options={option}\n                value={App_permit_Open}\n                isRequired\n                onChange={newValue => {\n                  newValue === \"\" ? setApp_permit_Open(null) : setApp_permit_Open(newValue);\n                }}\n              />\n            </div>\n            <div className=\"form-group col-md-3\">\n              <label htmlFor=\"post-title\" className=\"text-muted mb-1\">\n                <small>App_permit_toDoList</small>\n              </label>\n              <Select\n                styles={Styles}\n                isClearable\n                isMulti\n                options={option}\n                value={App_permit_toDoList}\n                isRequired\n                onChange={newValue => {\n                  newValue === \"\" ? setApp_permit_toDoList(null) : setApp_permit_toDoList(newValue);\n                }}\n              />\n            </div>\n\n            <div className=\"form-group col-md-3\">\n              <label htmlFor=\"post-title\" className=\"text-muted mb-1\">\n                <small>App_permit_Doing</small>\n              </label>\n              <Select\n                styles={Styles}\n                isClearable\n                isMulti\n                options={option}\n                value={App_permit_Doing}\n                isRequired\n                onChange={newValue => {\n                  newValue === \"\" ? setApp_permit_Doing(null) : setApp_permit_Doing(newValue);\n                }}\n              />{\" \"}\n            </div>\n\n            <div className=\"form-group col-md-2\">\n              <label htmlFor=\"post-title\" className=\"text-muted mb-1\">\n                <small>App_permit_Done</small>\n              </label>\n              <Select\n                styles={Styles}\n                isClearable\n                isMulti\n                options={option}\n                value={App_permit_Done}\n                isRequired\n                onChange={newValue => {\n                  newValue === \"\" ? setApp_permit_Done(null) : setApp_permit_Done(newValue);\n                }}\n              />{\" \"}\n            </div>\n          </div>\n          <button className=\"btn btn-primary\">Create app</button>\n        </form>\n      </div>\n    </Page>\n\n    // <>\n    //   <Link className=\"large font-weight-bold pb\" to={\"/\"}>\n    //     &laquo;Back\n    //   </Link>\n\n    //   <div className=\"user-management\">\n    //     <form id=\"form\" onSubmit={handleSubmit}>\n    //       <table className=\"user-table\">\n    //         <thead>\n    //           <tr>\n    //             <th> App_Acronym</th>\n    //             <th> App_Description</th>\n    //             <th> App_Rnumber</th>\n    //             <th> App_startDate</th>\n    //             <th> App_endDate</th>\n    //             <th> App_permit_Open</th>\n    //             <th> App_permit_toDoList</th>\n    //             <th> App_permit_Doing</th>\n    //             <th> App_permit_Done</th>\n    //           </tr>\n    //         </thead>\n    //         {/* form inputs  */}\n    //         <tbody>\n    //           <tr>\n    //             <td>\n    //               <input onChange={e => dispatch({ type: \"App_AcronymImmediately\", value: e.target.value })} id=\"username-register\" name=\"username\" className=\"form-control input-box\" type=\"text\" placeholder=\"Pick a userId\" autoComplete=\"off\" />\n    //               {/* <CSSTransition in={state.username.hasErrors} timeout={330} classNames=\"liveValidateMessage-createUser\" unmountOnExit> */}\n    //               {/* <div className=\"alert alert-danger small liveValidateMessage-createUser\">{state.username.message}</div> */}\n    //               {/* </CSSTransition> */}\n    //             </td>\n    //             <td>\n    //               <textarea onChange={e => dispatch({ type: \"App_DescriptionImmediately\", value: e.target.value })} name=\"body\" id=\"post-body\" className=\"body-content tall-textarea form-control\" type=\"text\"></textarea>\n    //               {/* <CSSTransition in={state.password.hasErrors} timeout={330} classNames=\"liveValidateMessage-createUser\" unmountOnExit> */}\n    //               {/* <div className=\"alert alert-danger small liveValidateMessage-createUser\">{state.password.message}</div> */}\n    //               {/* </CSSTransition> */}\n    //             </td>\n    //             <td>\n    //               <input onChange={e => dispatch({ type: \"App_Rnumber\", value: e.target.value })} id=\"email-register\" name=\"email\" className=\"form-control input-box\" type=\"text\" placeholder=\"you@example.com\" autoComplete=\"off\" />\n    //               {/* <CSSTransition in={state.email.hasErrors} timeout={330} classNames=\"liveValidateMessage-createUser\" unmountOnExit> */}\n    //               {/* <div className=\"alert alert-danger small liveValidateMessage-createUser\">{state.email.message}</div> */}\n    //               {/* </CSSTransition> */}\n    //             </td>\n    //             <td>\n    //               <input onChange={e => dispatch({ type: \"App_startDate\", value: e.target.value })} id=\"email-register\" name=\"email\" className=\"form-control input-box\" type=\"text\" placeholder=\"you@example.com\" autoComplete=\"off\" />\n    //               {/* <CSSTransition in={state.email.hasErrors} timeout={330} classNames=\"liveValidateMessage-createUser\" unmountOnExit> */}\n    //               {/* <div className=\"alert alert-danger small liveValidateMessage-createUser\">{state.email.message}</div> */}\n    //               {/* </CSSTransition> */}\n    //             </td>\n    //             <td>\n    //               <input onChange={e => dispatch({ type: \"App_endDate\", value: e.target.value })} id=\"email-register\" name=\"email\" className=\"form-control input-box\" type=\"text\" placeholder=\"you@example.com\" autoComplete=\"off\" />\n    //               {/* <CSSTransition in={state.email.hasErrors} timeout={330} classNames=\"liveValidateMessage-createUser\" unmountOnExit> */}\n    //               {/* <div className=\"alert alert-danger small liveValidateMessage-createUser\">{state.email.message}</div> */}\n    //               {/* </CSSTransition> */}\n    //             </td>\n\n    //             <td>\n    //               <div>\n    //                 <CreatableSelect styles={Styles} isClearable isMulti options={option} onCreateOption={handleCreateOption} value={value} onChange={newValue => setValue(newValue)} />\n    //               </div>\n    //             </td>\n\n    //             <td>\n    //               <div>\n    //                 <CreatableSelect styles={Styles} isClearable isMulti options={option} onCreateOption={handleCreateOption} value={value} onChange={newValue => setValue(newValue)} />\n    //               </div>\n    //             </td>\n\n    //             <td>\n    //               <div>\n    //                 <CreatableSelect styles={Styles} isClearable isMulti options={option} onCreateOption={handleCreateOption} value={value} onChange={newValue => setValue(newValue)} />\n    //               </div>\n    //             </td>\n    //             <td>\n    //               <div>\n    //                 <CreatableSelect styles={Styles} isClearable isMulti options={option} onCreateOption={handleCreateOption} value={value} onChange={newValue => setValue(newValue)} />\n    //               </div>\n    //             </td>\n    //             <td>\n    //               <button type=\"submit\" className=\"py-2 mt-2 btn btn-sm btn-success btn-block\">\n    //                 Create App\n    //               </button>\n    //             </td>\n    //             {/* show all users  */}\n    //           </tr>\n    //           {app.map(app => (\n    //             <tr key={app.App_Acronym}>\n    //               <td>{app.App_Acronym} </td>\n    //               <td> {app.App_Description}</td>\n    //               <td>{app.App_Rnumber}</td>\n    //               <td>{app.App_startDate}</td>\n    //               <td>{app.App_endDate}</td>\n    //               <td>{app.App_permit_Open}</td>\n    //               <td>{app.App_permit_toDoList}</td>\n    //               <td>{app.App_permit_Doing}</td>\n    //               <td>{app.App_permit_Done}</td>\n    //               <td>\n    //                 <button className=\"py-2 mt-2 btn btn-sm btn-secondary btn-block\">Edit User</button>\n    //               </td>\n    //             </tr>\n    //           ))}\n    //         </tbody>\n    //       </table>\n    //     </form>\n    //   </div>\n    // </>\n  );\n}\n\nexport default CreateApp;\n',42,'2023-09-21 00:00:00','2023-09-07 00:00:00','pm','devops','devops','pl','pl',5,'2023-09-19 09:58:36');
/*!40000 ALTER TABLE `application` ENABLE KEYS */;
UNLOCK TABLES;

--
-- Table structure for table `groups`
--

DROP TABLE IF EXISTS `groups`;
/*!40101 SET @saved_cs_client     = @@character_set_client */;
/*!50503 SET character_set_client = utf8mb4 */;
CREATE TABLE `groups` (
  `group` varchar(255) NOT NULL,
  PRIMARY KEY (`group`),
  UNIQUE KEY `group` (`group`)
) ENGINE=InnoDB DEFAULT CHARSET=utf8mb3;
/*!40101 SET character_set_client = @saved_cs_client */;

--
-- Dumping data for table `groups`
--

LOCK TABLES `groups` WRITE;
/*!40000 ALTER TABLE `groups` DISABLE KEYS */;
INSERT INTO `groups` VALUES ('admin'),('devops'),('pl'),('pm'),('qqq'),('user');
/*!40000 ALTER TABLE `groups` ENABLE KEYS */;
UNLOCK TABLES;

--
-- Table structure for table `plan`
--

DROP TABLE IF EXISTS `plan`;
/*!40101 SET @saved_cs_client     = @@character_set_client */;
/*!50503 SET character_set_client = utf8mb4 */;
CREATE TABLE `plan` (
  `Plan_MVP_name` varchar(50) NOT NULL,
  `Plan_startDate` datetime DEFAULT NULL,
  `Plan_endDate` datetime DEFAULT NULL,
  `Plan_app_Acronym` varchar(50) NOT NULL,
  `Color` varchar(45) DEFAULT NULL,
  PRIMARY KEY (`Plan_MVP_name`,`Plan_app_Acronym`),
  KEY `plan_ibfk_1` (`Plan_app_Acronym`),
  CONSTRAINT `plan_ibfk_1` FOREIGN KEY (`Plan_app_Acronym`) REFERENCES `application` (`App_Acronym`)
) ENGINE=InnoDB DEFAULT CHARSET=utf8mb3;
/*!40101 SET character_set_client = @saved_cs_client */;

--
-- Dumping data for table `plan`
--

LOCK TABLES `plan` WRITE;
/*!40000 ALTER TABLE `plan` DISABLE KEYS */;
INSERT INTO `plan` VALUES ('sprint 1 ','2023-09-26 00:00:00','2023-09-29 00:00:00','birdpark','#f8e71c'),('sprint 1','2023-10-11 00:00:00','2023-10-16 00:00:00','test','#333'),('sprint 2','2023-09-27 00:00:00','2023-09-30 00:00:00','birdpark','#4a90e2'),('sprint1','2023-09-06 00:00:00','2023-09-28 00:00:00','test','#f43434'),('sprint1','2023-09-08 00:00:00','2023-09-18 00:00:00','zoo','#b8e986'),('sprint2','2023-09-13 00:00:00','2023-09-05 00:00:00','test','#4a90e2'),('sprint2','2023-09-26 00:00:00','2023-09-29 00:00:00','zoo','#4a90e2'),('sprint3','2023-09-19 00:00:00','2023-09-20 00:00:00','test','#f8e71c'),('sprint3','2023-09-21 00:00:00','2023-09-22 00:00:00','zoo','#4a4a4a'),('sprints 1','2023-09-26 00:00:00','2023-09-30 00:00:00','test','#50e3c2'),('test2','2023-09-04 00:00:00','2023-09-15 00:00:00','zoo','#88363f'),('test3','2023-09-11 00:00:00','2023-09-16 00:00:00','zoo','#5480b4'),('testv4','2023-09-13 00:00:00','2023-09-28 00:00:00','test','#d0021b'),('testv4','2023-09-12 00:00:00','2023-09-08 00:00:00','zoo','#bd10e0');
/*!40000 ALTER TABLE `plan` ENABLE KEYS */;
UNLOCK TABLES;

--
-- Table structure for table `task`
--

DROP TABLE IF EXISTS `task`;
/*!40101 SET @saved_cs_client     = @@character_set_client */;
/*!50503 SET character_set_client = utf8mb4 */;
CREATE TABLE `task` (
  `Task_name` varchar(50) NOT NULL,
  `Task_description` longtext,
  `Task_id` varchar(50) NOT NULL,
  `Task_notes` longtext,
  `Task_plan` varchar(50) DEFAULT NULL,
  `Task_app_Acronym` varchar(50) DEFAULT NULL,
  `Task_state` varchar(50) DEFAULT NULL,
  `Task_creator` varchar(50) DEFAULT NULL,
  `Task_owner` varchar(50) DEFAULT NULL,
  `Task_createDate` datetime DEFAULT NULL,
  `Task_color` varchar(45) DEFAULT NULL,
  PRIMARY KEY (`Task_id`),
  KEY `Task_plan` (`Task_plan`),
  KEY `Task_app_Acronym` (`Task_app_Acronym`),
  CONSTRAINT `task_ibfk_1` FOREIGN KEY (`Task_plan`) REFERENCES `plan` (`Plan_MVP_name`),
  CONSTRAINT `task_ibfk_2` FOREIGN KEY (`Task_app_Acronym`) REFERENCES `application` (`App_Acronym`)
) ENGINE=InnoDB DEFAULT CHARSET=utf8mb3;
/*!40101 SET character_set_client = @saved_cs_client */;

--
-- Dumping data for table `task`
--

LOCK TABLES `task` WRITE;
/*!40000 ALTER TABLE `task` DISABLE KEYS */;
INSERT INTO `task` VALUES ('eagle','fierce bird','birdpark_10','User: admin , state: done, DateTime: 2023-09-26 11:16:39: \nTask has been rejected. Task has been demoted to doing state \n\nUser: admin , state: done, DateTime: 2023-09-26 11:16:39: \nTask has been updated \n\nUser: admin , state: doing, DateTime: 2023-09-26 11:16:33: \nTask has been completed. Task has been promoted to Done state  \n\nUser: admin , state: doing, DateTime: 2023-09-26 11:16:33: \nTask has been updated \n\nUser: pl , state: done, DateTime: 2023-09-26 11:07:32: \nTask has been rejected. Task has been demoted to doing state \n\nUser: pl , state: done, DateTime: 2023-09-26 11:07:32: \nTask has been updated \n\nUser: dev1 , state: doing, DateTime: 2023-09-26 11:06:50: \nTask has been completed. Task has been promoted to Done state  \n\nUser: dev1 , state: doing, DateTime: 2023-09-26 11:06:50: \nTask has been updated \n\nUser: pl , state: done, DateTime: 2023-09-26 11:06:23: \nTask has been rejected. Task has been demoted to doing state \n\nUser: pl , state: done, DateTime: 2023-09-26 11:06:23: \nTask has been updated \n\nUser: dev1 , state: doing, DateTime: 2023-09-26 10:57:27: \nTask has been completed. Task has been promoted to Done state  \n\nUser: dev1 , state: doing, DateTime: 2023-09-26 10:57:27: \nTask has been updated \nNotes: i am going to miss my deadline please help me to change my plan\n\nUser: dev1 , state: todo, DateTime: 2023-09-26 10:56:27: \nStarted to work on task. Task has been promoted to Doing state  \n\nUser: dev1 , state: todo, DateTime: 2023-09-26 10:56:27: \nTask has been updated \n\nUser: pm , state: open, DateTime: 2023-09-26 10:53:03: \nTask has been relased. Task has been promoted to Todo state  \n\nUser: pm , state: open, DateTime: 2023-09-26 10:53:03: \nTask has been updated \n\nUser:pl,state:open,DateTime:2023-09-26 10:45:46 \nTask has been created\n','sprint 1 ','birdpark','done','pl','dev1','2023-09-26 10:45:46','#f8e71c'),('bird1','this is bird 1 ','birdpark_11','User: admin , state: open, DateTime: 2023-10-06 09:27:47: \nTask has been updated \n\nUser:admin,state:open,DateTime:2023-09-26 11:17:05 \nTask has been created\nNotes: undefined\n\n','sprint 2','birdpark','open','admin','admin','2023-09-26 11:17:05','#4a90e2'),('bird2','this is bird 2 ','birdpark_12','User: admin , state: open, DateTime: 2023-09-26 13:52:40: \nTask has been updated \n\nUser: admin , state: open, DateTime: 2023-09-26 13:52:37: \nTask has been updated \n\nUser: admin , state: open, DateTime: 2023-09-26 11:31:52: \nTask has been updated \nNotes: this is the second note\n\nthis is the last line\n\nUser:admin,state:open,DateTime:2023-09-26 11:28:29 \nTask has been created\nNotes: this task has been created with this task notes \n\n','sprint 2','birdpark','open','admin','admin','2023-09-26 11:28:29','#4a90e2'),('bird1','this is my Task_description','birdpark_13','User:pl,state:open,DateTime:2023-10-05 08:20:44 \nTask has been created\n','sprint 1','birdpark','open','pl','pl','2023-10-05 08:20:44',NULL),('bird2','this is my Task_description','birdpark_14','User:pl,state:open,DateTime:2023-10-05 12:26:55 \nTask has been created\n','sprint 1','birdpark','open','pl','pl','2023-10-05 12:26:55',NULL),('bird2','this is my Task_description','birdpark_15','User:pl,state:open,DateTime:2023-10-05 12:35:25 \nTask has been created\n','sprint 2','birdpark','open','pl','pl','2023-10-05 12:35:25',NULL),('bird2','this is my Task_description','birdpark_16','User:pl,state:open,DateTime:2023-10-10 07:44:09 \nTask has been created\n','sprint 1','birdpark','open','pl','pl','2023-10-10 07:44:09',NULL),('flamingo','flamingo is pink','birdpark_8','User: pl , state: done, DateTime: 2023-09-26 11:06:15: \nTask has been closed. Task has been promoted to close state  \n\nUser: pl , state: done, DateTime: 2023-09-26 11:06:15: \nTask has been updated \n\nUser: dev1 , state: doing, DateTime: 2023-09-26 10:56:52: \nTask has been completed. Task has been promoted to Done state  \n\nUser: dev1 , state: doing, DateTime: 2023-09-26 10:56:52: \nTask has been updated \n\nUser: dev1 , state: todo, DateTime: 2023-09-26 10:54:23: \nStarted to work on task. Task has been promoted to Doing state  \n\nUser: dev1 , state: todo, DateTime: 2023-09-26 10:54:23: \nTask has been updated \n\nUser: pm , state: open, DateTime: 2023-09-26 10:53:08: \nTask has been relased. Task has been promoted to Todo state  \n\nUser: pm , state: open, DateTime: 2023-09-26 10:53:08: \nTask has been updated \n\nUser: pm , state: open, DateTime: 2023-09-26 10:51:39: \nTask has been updated \nNotes: this is the first task i am going to work on\n\nUser:pl,state:open,DateTime:2023-09-26 10:44:23 \nTask has been created\n','sprint1','birdpark','close','pl','pl','2023-09-26 10:44:23',NULL),('parrot','import React, { useEffect, useReducer, useState } from \"react\";\nimport ReactDOM from \"react-dom/client\";\nimport { BrowserRouter, Route, Router, Routes } from \"react-router-dom\";\nimport axios from \"axios\";\nimport { useImmerReducer } from \"use-immer\";\nimport { LocalizationProvider } from \"@mui/x-date-pickers\";\nimport { AdapterDayjs } from \"@mui/x-date-pickers/AdapterDayjs\";\n\n//components\nimport Header from \"./Component/Header\";\nimport Home from \"./Component/Home\";\nimport UserManagement from \"./Component/UserManagement\";\nimport StateContext from \"../StateContext\";\nimport DispatchContext from \"../DispatchContext\";\nimport FlashMessages from \"./Component/FlashMessages\";\nimport EditUser from \"./Component/EditUser\";\nimport Profile from \"./Component/Profile\";\nimport NotFound from \"./Component/NotFound\";\nimport Landing from \"./Component/Landing\";\nimport FlashMessagesError from \"./Component/FlashMessagesError\";\nimport Unauthorised from \"./Component/unauthorised\";\nimport CreateApp from \"./Component/CreateApp\";\nimport CreateTask from \"./Component/CreateTask\";\nimport CreatePlan from \"./Component/CreatePlan\";\nimport Application from \"./Component/Applications\";\nimport TaskModal from \"./Component/TaskModal\";\nimport Plans from \"./Component/Plans\";\n\n//base url for axios\naxios.defaults.baseURL = process.env.BACKENDURL;\n\nfunction Main() {\n  const initialState = {\n    loggedIn: Boolean(document.cookie.includes(\"token\")),\n    flashMessages: [],\n    flashMessagesError: [],\n    isEditOpen: false,\n    userId: \"\",\n    userGroup: [],\n    isAdmin: false,\n    newUser: 0,\n    editedUser: 0,\n    selectedApp: \"\",\n    openTaskModal: false,\n    Task_id: \"\",\n    taskEdited: 0,\n    openAppModal: false,\n    appEdited: 0,\n    openPlanModal: false,\n    planEdited: 0\n  };\n\n  function ourReducer(draft, action) {\n    switch (action.type) {\n      case \"login\":\n        draft.loggedIn = true;\n        return;\n      case \"logout\":\n        draft.loggedIn = false;\n        return;\n      case \"flashMessages\":\n        draft.flashMessages.push(action.value);\n        return;\n      case \"flashMessagesError\":\n        draft.flashMessagesError.push(action.value);\n        return;\n      case \"openEdit\":\n        draft.isEditOpen = true;\n        draft.userId = action.value;\n        return;\n      case \"addTags\":\n        draft.userGroup = action.value;\n        return;\n\n      case \"closeEdit\":\n        draft.isEditOpen = false;\n        return;\n      case \"isAdmin\":\n        draft.isAdmin = true;\n        return;\n      case \"isNotAdmin\":\n        draft.isAdmin = false;\n        return;\n      case \"newUser\":\n        draft.newUser++;\n        return;\n      case \"editedUser\":\n        draft.editedUser++;\n        return;\n\n      case \"selectedApp\":\n        draft.selectedApp = action.value;\n\n        return;\n      case \"openTaskModal\":\n        draft.openTaskModal = true;\n        draft.Task_id = action.value;\n        return;\n      case \"closeTaskModal\":\n        draft.openTaskModal = false;\n        return;\n      case \"taskEdited\":\n        draft.taskEdited++;\n        return;\n      case \"openAppModal\":\n        draft.openAppModal = true;\n        return;\n      case \"closeAppModal\":\n        draft.openAppModal = false;\n        return;\n      case \"appEdited\":\n        draft.appEdited++;\n        return;\n      case \"openPlanModal\":\n        draft.openPlanModal = true;\n        return;\n      case \"closePlanModal\":\n        draft.openPlanModal = false;\n        return;\n      case \"planEdited\":\n        draft.planEdited++;\n        return;\n    }\n  }\n  //immer give a copy of state to modify and give back to react\n  const [state, dispatch] = useImmerReducer(ourReducer, initialState);\n\n  //-----------------check if Active----\n  useEffect(() => {\n    if (state.loggedIn) {\n      async function fetchUserStatus() {\n        try {\n          // need to add this to get cookies\n          axios.defaults.withCredentials = true;\n          const response = await axios.get(\"/checkActive\");\n        } catch (e) {\n          dispatch({ type: \"logout\" });\n          dispatch({ type: \"flashMessagesError\", value: \"Your session has expired.Please log in again\" });\n\n          console.log(\"There was a problem or the request was cancelled.\", e);\n        }\n      }\n      fetchUserStatus();\n    }\n  }, [state.loggedIn]);\n\n  //----check if token has expired----\n  useEffect(() => {\n    if (state.loggedIn) {\n      const ourRequest = axios.CancelToken.source();\n      async function fetchResults() {\n        try {\n          // need to add this to get cookies\n          axios.defaults.withCredentials = true;\n          const response = await axios.post(\"/checkToken\", {}, { cancelToken: ourRequest.token });\n\n          //no response means should logout\n          if (!response.data) {\n            dispatch({ type: \"logout\" });\n            dispatch({ type: \"flashMessagesError\", value: \"Your session has expired.Please log in again\" });\n          }\n        } catch (e) {\n          console.log(\"There was a problem or the request was cancelled.\", e);\n        }\n      }\n      fetchResults();\n      return () => ourRequest.cancel();\n    }\n  }, [state.loggedIn]);\n\n  //------ check if is admin when logged in-------\n  useEffect(() => {\n    if (state.loggedIn) {\n      async function isAdmin() {\n        try {\n          // need to add this to get cookies\n          axios.defaults.withCredentials = true;\n          const response = await axios.post(\"/checkGroup\");\n          console.log(state.isAdmin);\n          if (response.data) {\n            dispatch({ type: \"isAdmin\" });\n          }\n        } catch (e) {\n          dispatch({ type: \"isNotAdmin\" });\n        }\n      }\n      isAdmin();\n    }\n  }, [state.loggedIn]);\n  //------------------------------------------------\n\n  return (\n    //state and dispatch can be use in any\n    <StateContext.Provider value={state}>\n      <DispatchContext.Provider value={dispatch}>\n        <LocalizationProvider dateAdapter={AdapterDayjs}>\n          <BrowserRouter>\n            <FlashMessages messages={state.flashMessages} />\n            <FlashMessagesError messages={state.flashMessagesError} />\n            <Header />\n            <Routes>\n              <Route path=\"/\" element={state.loggedIn ? <Application /> : <Landing />} />\n              <Route path=\"/profile\" element={state.loggedIn ? <Profile /> : <Unauthorised />} />\n              <Route path=\"/user-management\" element={state.loggedIn && state.isAdmin ? <UserManagement /> : <Unauthorised />} />\n              <Route path=\"*\" element={<NotFound />} />\n              <Route path=\"/create-app\" element={state.loggedIn ? <CreateApp /> : <Unauthorised />} />\n              <Route path=\"/create-task/:id\" element={state.loggedIn ? <CreateTask /> : <Unauthorised />} />\n              <Route path=\"/create-plan/:id\" element={state.loggedIn ? <CreatePlan /> : <Unauthorised />} />\n              <Route path=\"/plans/:id\" element={state.loggedIn ? <Plans /> : <Unauthorised />} />\n              <Route path=\"/task-management/:id\" element={state.loggedIn ? <Home /> : <Unauthorised />} />\n            </Routes>\n            {state.isEditOpen ? <EditUser /> : \"\"}\n          </BrowserRouter>\n        </LocalizationProvider>\n      </DispatchContext.Provider>\n    </StateContext.Provider>\n  );\n}\n\nconst root = ReactDOM.createRoot(document.querySelector(\"#app\"));\nroot.render(<Main />);\n\nif (module.hot) {\n  module.hot.accept();\n}\n','birdpark_9','User: dev1 , state: doing, DateTime: 2023-09-26 10:56:55: \nStopped working on task. Task has been demoted to todo state \n\nUser: dev1 , state: doing, DateTime: 2023-09-26 10:56:55: \nTask has been updated \n\nUser: dev1 , state: todo, DateTime: 2023-09-26 10:56:29: \nStarted to work on task. Task has been promoted to Doing state  \n\nUser: dev1 , state: todo, DateTime: 2023-09-26 10:56:29: \nTask has been updated \n\nUser: pm , state: open, DateTime: 2023-09-26 10:53:14: \nTask has been relased. Task has been promoted to Todo state  \n\nUser: pm , state: open, DateTime: 2023-09-26 10:53:14: \nTask has been updated \n\nUser:pl,state:open,DateTime:2023-09-26 10:44:57 \nTask has been created\n',NULL,'birdpark','todo','pl','dev1','2023-09-26 10:44:57',NULL),('test',NULL,'test_2','User: admin , state: open, DateTime: 2023-09-26 11:16:22: \nTask has been updated \n\nUser: admin , state: open, DateTime: 2023-09-26 11:15:28: \nTask has been updated \n\nUser: admin , state: open, DateTime: 2023-09-26 11:14:29: \nTask has been updated \n\nUser: admin , state: open, DateTime: 2023-09-26 11:14:28: \nTask has been updated \n\nUser: admin , state: open, DateTime: 2023-09-25 10:57:21: \nTask has been updated \n\nUser: admin , state: open, DateTime: 2023-09-25 10:57:17: \nTask has been updated \n\nUser: admin , state: open, DateTime: 2023-09-25 10:54:12: \nTask has been updated \n\nUser: admin , state: open, DateTime: 2023-09-25 10:49:00: \nTask has been updated \n\nUser:admin,state:open,DateTime:2023-09-25 10:46:51 \nTask has been created\n','sprints 1','test','open','admin','admin','2023-09-25 10:46:51','#50e3c2'),('test2',NULL,'test_3','User: pm , state: open, DateTime: 2023-09-26 09:28:43: \nTask has been relased. Task has been promoted to Todo state  \n\nUser: pm , state: open, DateTime: 2023-09-26 09:28:43: \nTask has been updated \n\nUser: admin , state: open, DateTime: 2023-09-25 13:27:46: \nTask has been updated \n\nUser: admin , state: open, DateTime: 2023-09-25 11:01:54: \nTask has been updated \n\nUser:admin,state:open,DateTime:2023-09-25 10:59:26 \nTask has been created\n','sprint2','test','todo','admin','pm','2023-09-25 10:59:26','#4a90e2'),('test3',NULL,'test_4','User: admin , state: done, DateTime: 2023-09-26 09:27:19: \nTask has been rejected. Task has been demoted to doing state \n\nUser: admin , state: done, DateTime: 2023-09-26 09:27:19: \nTask has been updated \n\nUser: admin , state: doing, DateTime: 2023-09-26 09:27:14: \nTask has been completed. Task has been promoted to Done state  \n\nUser: admin , state: doing, DateTime: 2023-09-26 09:27:14: \nTask has been updated \n\nUser: admin , state: todo, DateTime: 2023-09-26 09:27:13: \nStarted to work on task. Task has been promoted to Doing state  \n\nUser: admin , state: todo, DateTime: 2023-09-26 09:27:13: \nTask has been updated \n\nUser: admin , state: doing, DateTime: 2023-09-26 09:27:09: \nStopped working on task. Task has been demoted to todo state \n\nUser: admin , state: doing, DateTime: 2023-09-26 09:27:09: \nTask has been updated \n\nUser: admin , state: done, DateTime: 2023-09-26 09:27:00: \nTask has been rejected. Task has been demoted to doing state \n\nUser: admin , state: done, DateTime: 2023-09-26 09:27:00: \nTask has been updated \n\nUser: admin , state: doing, DateTime: 2023-09-26 09:26:55: \nTask has been completed. Task has been promoted to Done state  \n\nUser: admin , state: doing, DateTime: 2023-09-26 09:26:55: \nTask has been updated \n\nUser: admin , state: done, DateTime: 2023-09-26 09:25:16: \nTask has been rejected. Task has been demoted to doing state \n\nUser: admin , state: done, DateTime: 2023-09-26 09:25:16: \nTask has been updated \n\nUser: admin , state: doing, DateTime: 2023-09-26 09:25:10: \nTask has been completed. Task has been promoted to Done state  \n\nUser: admin , state: doing, DateTime: 2023-09-26 09:25:10: \nTask has been updated \n\nUser: admin , state: todo, DateTime: 2023-09-26 09:25:08: \nStarted to work on task. Task has been promoted to Doing state  \n\nUser: admin , state: todo, DateTime: 2023-09-26 09:25:08: \nTask has been updated \n\nUser: admin , state: open, DateTime: 2023-09-26 09:25:04: \nTask has been relased. Task has been promoted to Todo state  \n\nUser: admin , state: open, DateTime: 2023-09-26 09:25:04: \nTask has been updated \n\nUser: admin , state: open, DateTime: 2023-09-25 11:06:54: \nTask has been updated \n\nUser:admin,state:open,DateTime:2023-09-25 11:04:06 \nTask has been created\n','sprint1','test','doing','admin','admin','2023-09-25 11:04:06','#f43434'),('test4',NULL,'test_5','User: admin , state: done, DateTime: 2023-09-25 13:09:23: \nTask has been closed. Task has been promoted to close state  \n\nUser: admin , state: done, DateTime: 2023-09-25 13:09:23: \nTask has been updated \n\nUser: admin , state: doing, DateTime: 2023-09-25 13:09:08: \nTask has been completed. Task has been promoted to Done state  \n\nUser: admin , state: doing, DateTime: 2023-09-25 13:09:08: \nTask has been updated \n\nUser: admin , state: todo, DateTime: 2023-09-25 13:09:04: \nStarted to work on task. Task has been promoted to Doing state  \n\nUser: admin , state: todo, DateTime: 2023-09-25 13:09:04: \nTask has been updated \n\nUser: admin , state: open, DateTime: 2023-09-25 13:08:58: \nTask has been relased. Task has been promoted to Todo state  \n\nUser: admin , state: open, DateTime: 2023-09-25 13:08:58: \nTask has been updated \n\nUser: admin , state: open, DateTime: 2023-09-25 11:07:06: \nTask has been updated \n\nUser: admin , state: open, DateTime: 2023-09-25 11:07:02: \nTask has been updated \n\nUser: admin , state: open, DateTime: 2023-09-25 11:06:59: \nTask has been updated \n\nUser:admin,state:open,DateTime:2023-09-25 11:04:06 \nTask has been created\n','sprint2','test','close','admin','admin','2023-09-25 11:04:06','#4a90e2'),('test5','test','test_6','User:admin,state:open,DateTime:2023-09-26 11:20:04 \nTask has been created\n',NULL,'test','open','admin','admin','2023-09-26 11:20:04',NULL),('test6','test','test_7','User:admin,state:open,DateTime:2023-09-26 11:21:24 \nTask has been created\n',NULL,'test','open','admin','admin','2023-09-26 11:21:24',NULL),('task 7 ','test','test_8','User:admin,state:open,DateTime:2023-09-26 11:22:23 \nTask has been created\nNotes: created with notes\n\n',NULL,'test','open','admin','admin','2023-09-26 11:22:23',NULL),('test8','testing create with notes','test_9','User:admin,state:open,DateTime:2023-09-26 11:27:54 \nTask has been created\nNotes: task created with this note\n\n',NULL,'test','open','admin','admin','2023-09-26 11:27:54',NULL),('test6','test','zoo_10','User: admin , state: done, DateTime: 2023-10-02 09:16:29: \nTask has been rejected. Task has been demoted to doing state \n\nUser: admin , state: done, DateTime: 2023-10-02 09:16:29: \nTask has been updated \n\nUser: admin , state: done, DateTime: 2023-09-27 17:54:55: \nTask has been rejected. Task has been demoted to doing state \n\nUser: admin , state: done, DateTime: 2023-09-27 17:54:55: \nTask has been updated \n\nUser: admin , state: doing, DateTime: 2023-09-20 15:24:03: \nTask has been completed  \n\nUser: admin , state: doing, DateTime: 2023-09-20 15:24:03: \nTask has been updated \n\nUser: admin , state: done, DateTime: 2023-09-20 15:14:33: \nTask has been rejected \n\nUser: admin , state: done, DateTime: 2023-09-20 15:14:33: \nTask has been updated \n\nUser: admin , state: doing, DateTime: 2023-09-20 15:13:10: \nTask has been completed  \n\nUser: admin , state: doing, DateTime: 2023-09-20 15:13:10: \nTask has been updated \n\nUser: admin , state: done, DateTime: 2023-09-20 15:07:09: \nTask has been rejected \n\nUser: admin , state: done, DateTime: 2023-09-20 15:07:09: \nTask has been updated \n\nUser: user , state: doing, DateTime: 2023-09-20 15:01:44: \nTask has been completed  \n\nUser: user , state: doing, DateTime: 2023-09-20 15:01:44: \nTask has been updated \n\nUser: admin , state: done, DateTime: 2023-09-20 15:00:33: \nTask has been rejected \n\nUser: admin , state: done, DateTime: 2023-09-20 15:00:33: \nTask has been updated \n\nUser: admin , state: doing, DateTime: 2023-09-20 14:55:58: \nTask has been completed  \n\nUser: admin , state: doing, DateTime: 2023-09-20 14:55:58: \nTask has been updated \n\nUser: admin , state: done, DateTime: 2023-09-20 14:52:45: \nTask has been rejected \n\nUser: admin , state: done, DateTime: 2023-09-20 14:52:45: \nTask has been updated \n\nUser: user , state: doing, DateTime: 2023-09-20 14:52:06: \nTask has been completed  \n\nUser: user , state: doing, DateTime: 2023-09-20 14:52:06: \nTask has been updated \n\nUser: admin , state: done, DateTime: 2023-09-20 14:51:12: \nTask has been rejected \n\nUser: admin , state: done, DateTime: 2023-09-20 14:51:12: \nTask has been updated \n\nUser: user , state: doing, DateTime: 2023-09-20 14:49:33: \nTask has been completed  \n\nUser: user , state: doing, DateTime: 2023-09-20 14:49:33: \nTask has been updated \n\nUser: admin , state: done, DateTime: 2023-09-20 14:44:17: \nTask has been rejected \n\nUser: admin , state: done, DateTime: 2023-09-20 14:44:17: \nTask has been updated \n\nUser: user , state: doing, DateTime: 2023-09-20 14:43:46: \nTask has been completed  \n\nUser: user , state: doing, DateTime: 2023-09-20 14:43:46: \nTask has been updated \n\nUser: admin , state: done, DateTime: 2023-09-20 14:38:33: \nTask has been rejected \n\nUser: admin , state: done, DateTime: 2023-09-20 14:38:33: \nTask has been updated \n\nUser: user , state: doing, DateTime: 2023-09-20 14:37:21: \nTask has been completed  \n\nUser: user , state: doing, DateTime: 2023-09-20 14:37:21: \nTask has been updated \n\nUser: admin , state: done, DateTime: 2023-09-20 14:34:37: \nTask has been rejected \n\nUser: admin , state: done, DateTime: 2023-09-20 14:34:37: \nTask has been updated \n\nUser: user , state: doing, DateTime: 2023-09-20 14:33:34: \nTask has been completed  \n\nUser: user , state: doing, DateTime: 2023-09-20 14:33:34: \nTask has been updated \n\nUser: admin , state: done, DateTime: 2023-09-20 14:30:41: \nTask has been rejected \n\nUser: admin , state: done, DateTime: 2023-09-20 14:30:41: \nTask has been updated \n\nUser: user , state: doing, DateTime: 2023-09-20 14:26:27: \nTask has been completed  \n\nUser: user , state: doing, DateTime: 2023-09-20 14:26:27: \nTask has been updated \n\nUser: admin , state: done, DateTime: 2023-09-20 14:26:15: \nTask has been rejected \n\nUser: admin , state: done, DateTime: 2023-09-20 14:26:15: \nTask has been updated \n\nUser: user , state: doing, DateTime: 2023-09-19 15:31:05: \nTask has been completed  \n\nUser: user , state: doing, DateTime: 2023-09-19 15:31:05: \nTask has been updated \n\nUser: user , state: todo, DateTime: 2023-09-19 15:31:01: \nStarted to work on task  \n\nUser: user , state: todo, DateTime: 2023-09-19 15:31:01: \nTask has been updated \n\nUser: user , state: doing, DateTime: 2023-09-19 15:31:00: \nStopped working on task \n\nUser: user , state: doing, DateTime: 2023-09-19 15:31:00: \nTask has been updated \n\nUser: user , state: todo, DateTime: 2023-09-19 15:30:57: \nStarted to work on task  \n\nUser: user , state: todo, DateTime: 2023-09-19 15:30:57: \nTask has been updated \n\nUser: user , state: open, DateTime: 2023-09-19 15:30:37: \nTask has been Promoted  \n\nUser: user , state: open, DateTime: 2023-09-19 15:30:37: \nTask has been updated \n\nUser: user , state: open, DateTime: 2023-09-19 15:30:26: \nTask has been updated \n\nUser: user , state: open, DateTime: 2023-09-19 15:30:19: \nTask has been updated \n\nUser: user , state: open, DateTime: 2023-09-19 15:30:01: \nTask has been updated \n\nUser: admin , state: open, DateTime: 2023-09-19 09:40:19: \nTask has been updated \n\nUser:admin,state:open,DateTime:2023-09-19 09:35:17 \nTask has been created\n','sprint2','zoo','doing','admin','admin','2023-09-19 09:35:17','#4a90e2'),('test7',NULL,'zoo_11','User:admin,state:open,DateTime:2023-09-19 09:39:51 \nTask has been created\n','test2','zoo','open','admin','admin','2023-09-19 09:39:51','#88363f'),('test8','test','zoo_12','User: pm , state: open, DateTime: 2023-09-21 14:59:00: \nTask has been updated \n\nUser: user , state: open, DateTime: 2023-09-20 17:57:47: \nTask has been updated \n\nUser: user , state: open, DateTime: 2023-09-20 17:57:39: \nTask has been updated \n\nUser:admin,state:open,DateTime:2023-09-19 09:40:04 \nTask has been created\n','sprint1','zoo','open','admin','pm','2023-09-19 09:40:04','#b8e986'),('abc1``',NULL,'zoo_13','User: user , state: done, DateTime: 2023-09-19 13:39:33: \nTask has been closed  \n\nUser: user , state: done, DateTime: 2023-09-19 13:39:33: \nTask has been updated \n\nUser: user , state: doing, DateTime: 2023-09-19 13:38:54: \nTask has been completed  \n\nUser: user , state: doing, DateTime: 2023-09-19 13:38:54: \nTask has been updated \n\nUser: user , state: done, DateTime: 2023-09-19 13:38:37: \nTask has been rejected \n\nUser: user , state: done, DateTime: 2023-09-19 13:38:37: \nTask has been updated \n\nUser: user , state: doing, DateTime: 2023-09-19 13:37:40: \nTask has been completed  \n\nUser: user , state: doing, DateTime: 2023-09-19 13:37:40: \nTask has been updated \n\nUser: user , state: todo, DateTime: 2023-09-19 13:37:21: \nStarted to work on task  \n\nUser: user , state: todo, DateTime: 2023-09-19 13:37:21: \nTask has been updated \n\nUser: user , state: doing, DateTime: 2023-09-19 13:37:11: \nStopped working on task \n\nUser: user , state: doing, DateTime: 2023-09-19 13:37:11: \nTask has been updated \n\nUser: user , state: todo, DateTime: 2023-09-19 13:37:05: \nStarted to work on task  \n\nUser: user , state: todo, DateTime: 2023-09-19 13:37:05: \nTask has been updated \nNotes: i am doing it now\n\nUser: user , state: open, DateTime: 2023-09-19 13:35:31: \nTask has been Promoted  \n\nUser: user , state: open, DateTime: 2023-09-19 13:35:31: \nTask has been updated \nNotes: hellow worl\n\nUser: user , state: open, DateTime: 2023-09-19 13:35:08: \nTask has been updated \n\nUser:user,state:open,DateTime:2023-09-19 13:34:30 \nTask has been created\n',NULL,'zoo','close','user','user','2023-09-19 13:34:30',NULL),('trer',NULL,'zoo_14','User: admin , state: open, DateTime: 2023-09-21 10:56:43: \nTask has been relased. Task has been promoted to Todo state  \n\nUser: admin , state: open, DateTime: 2023-09-21 10:56:43: \nTask has been updated \n\nUser:user,state:open,DateTime:2023-09-19 13:44:10 \nTask has been created\n',NULL,'zoo','todo','user','admin','2023-09-19 13:44:10',NULL),('test9',NULL,'zoo_15','User:admin,state:open,DateTime:2023-09-19 16:26:00 \nTask has been created\n',NULL,'zoo','open','admin','admin','2023-09-19 16:26:00',NULL),('test11',NULL,'zoo_16','User: admin , state: done, DateTime: 2023-10-02 09:16:31: \nTask has been rejected. Task has been demoted to doing state \n\nUser: admin , state: done, DateTime: 2023-10-02 09:16:31: \nTask has been updated \n\nUser: user , state: doing, DateTime: 2023-09-20 17:56:58: \nTask has been updated \nNotes: testtttt\n\nUser: admin , state: todo, DateTime: 2023-09-20 16:14:17: \nStarted to work on task.Task has been promoted to Doing state  \n\nUser: admin , state: todo, DateTime: 2023-09-20 16:14:17: \nTask has been updated \n\nUser: admin , state: open, DateTime: 2023-09-20 16:10:30: \nTask has been relased. Task has beem promoted to Todo state  \n\nUser: admin , state: open, DateTime: 2023-09-20 16:10:30: \nTask has been updated \n\nUser: admin , state: open, DateTime: 2023-09-20 16:08:52: \nTask has been updated \n\nUser: admin , state: open, DateTime: 2023-09-20 16:08:49: \nTask has been updated \n\nUser:admin,state:open,DateTime:2023-09-20 16:07:22 \nTask has been created\n','testv4','zoo','done','admin','dev1','2023-09-20 16:07:22','#bd10e0'),('test12',NULL,'zoo_17','User: pl , state: done, DateTime: 2023-09-22 10:04:14: \nTask has been closed. Task has been promoted to close state  \n\nUser: pl , state: done, DateTime: 2023-09-22 10:04:14: \nTask has been updated \n\nUser: dev1 , state: doing, DateTime: 2023-09-22 10:03:51: \nTask has been completed. Task has been promoted to Done state  \n\nUser: dev1 , state: doing, DateTime: 2023-09-22 10:03:51: \nTask has been updated \n\nUser: dev1 , state: todo, DateTime: 2023-09-22 10:02:33: \nStarted to work on task. Task has been promoted to Doing state  \n\nUser: dev1 , state: todo, DateTime: 2023-09-22 10:02:33: \nTask has been updated \n\nUser: pm , state: open, DateTime: 2023-09-22 10:01:41: \nTask has been relased. Task has been promoted to Todo state  \n\nUser: pm , state: open, DateTime: 2023-09-22 10:01:41: \nTask has been updated \n\nUser: pm , state: open, DateTime: 2023-09-22 10:01:38: \nTask has been updated \n\nUser: pm , state: open, DateTime: 2023-09-22 10:01:10: \nTask has been updated \n\nUser:pl,state:open,DateTime:2023-09-22 09:59:41 \nTask has been created\n',NULL,'zoo','close','pl','pl','2023-09-22 09:59:41',NULL),('a','a','zoo_18','User: admin , state: open, DateTime: 2023-09-27 17:50:41: \nTask has been relased. Task has been promoted to Todo state  \n\nUser: admin , state: open, DateTime: 2023-09-27 17:50:41: \nTask has been updated \n\nUser: admin , state: open, DateTime: 2023-09-27 17:50:26: \nTask has been updated \n\nUser:admin,state:open,DateTime:2023-09-27 17:50:14 \nTask has been created\n','sprint2','zoo','todo','admin','admin','2023-09-27 17:50:14','#4a90e2'),('1',NULL,'zoo_19','User:admin,state:undefined,DateTime:2023-09-29 13:25:42 \nTask has been created\n',NULL,'zoo','done','admin','dev1','2023-09-29 13:25:42',NULL),('1',NULL,'zoo_20','User: admin , state: done, DateTime: 2023-10-02 09:16:33: \nTask has been rejected. Task has been demoted to doing state \n\nUser: admin , state: done, DateTime: 2023-10-02 09:16:33: \nTask has been updated \n\nUser:admin,state:undefined,DateTime:2023-09-29 13:26:47 \nTask has been created\n',NULL,'zoo','done','admin','admin','2023-09-29 13:26:47',NULL),('test1',NULL,'zoo_21','User: admin , state: done, DateTime: 2023-10-02 09:16:34: \nTask has been rejected. Task has been demoted to doing state \n\nUser: admin , state: done, DateTime: 2023-10-02 09:16:34: \nTask has been updated \n\nUser:admin,state:undefined,DateTime:2023-09-29 13:58:33 \nTask has been created\n',NULL,'zoo','done','admin','dev1','2023-09-29 13:58:33',NULL),('test1',NULL,'zoo_23','User: admin , state: done, DateTime: 2023-10-02 09:16:36: \nTask has been rejected. Task has been demoted to doing state \n\nUser: admin , state: done, DateTime: 2023-10-02 09:16:36: \nTask has been updated \n\nUser:admin,state:undefined,DateTime:2023-09-29 13:59:51 \nTask has been created\n','sprint1','zoo','done','admin','dev1','2023-09-29 13:59:51','#b8e986'),('test1',NULL,'zoo_24','User:admin,state:open,DateTime:2023-10-02 10:34:31 \nTask has been created\n',NULL,'zoo','open','admin','admin','2023-10-02 10:34:31',NULL),('test1',NULL,'zoo_25','User:admin,state:open,DateTime:2023-10-02 10:38:14 \nTask has been created\n',NULL,'zoo','open','admin','admin','2023-10-02 10:38:14',NULL),('test1',NULL,'zoo_26','User:admin,state:open,DateTime:2023-10-02 10:38:33 \nTask has been created\n',NULL,'zoo','open','admin','admin','2023-10-02 10:38:33',NULL),('test1',NULL,'zoo_27','User:admin,state:open,DateTime:2023-10-02 10:40:17 \nTask has been created\n',NULL,'zoo','open','admin','admin','2023-10-02 10:40:17',NULL),('test1',NULL,'zoo_28','User:admin,state:open,DateTime:2023-10-02 10:44:23 \nTask has been created\n',NULL,'zoo','open','admin','admin','2023-10-02 10:44:23',NULL),('test1',NULL,'zoo_29','User:admin,state:open,DateTime:2023-10-02 10:52:26 \nTask has been created\n',NULL,'zoo','open','admin','admin','2023-10-02 10:52:26',NULL),('test1',NULL,'zoo_30','User:admin,state:open,DateTime:2023-10-02 10:55:09 \nTask has been created\n',NULL,'zoo','open','admin','admin','2023-10-02 10:55:09',NULL),('test1',NULL,'zoo_31','User:admin,state:open,DateTime:2023-10-02 11:22:45 \nTask has been created\n',NULL,'zoo','open','admin','admin','2023-10-02 11:22:45',NULL),('test1',NULL,'zoo_32','User:admin,state:open,DateTime:2023-10-02 11:23:01 \nTask has been created\n','sprint1','zoo','open','admin','admin','2023-10-02 11:23:01',NULL),('test1',NULL,'zoo_33','User:admin,state:open,DateTime:2023-10-02 13:51:45 \nTask has been created\n','sprint1','zoo','open','admin','admin','2023-10-02 13:51:45',NULL),('test1',NULL,'zoo_34','User:admin,state:open,DateTime:2023-10-02 13:56:37 \nTask has been created\n','sprint1','zoo','open','admin','admin','2023-10-02 13:56:37',NULL),('test1',NULL,'zoo_35','User:admin,state:open,DateTime:2023-10-02 13:57:33 \nTask has been created\n','sprint1','zoo','open','admin','admin','2023-10-02 13:57:33',NULL),('test1','this is my Task_description','zoo_36','User: admin , state: todo, DateTime: 2023-10-02 14:19:26: \nStarted to work on task. Task has been promoted to Doing state  \n\nUser: admin , state: todo, DateTime: 2023-10-02 14:19:26: \nTask has been updated \n\nUser: admin , state: open, DateTime: 2023-10-02 14:19:22: \nTask has been relased. Task has been promoted to Todo state  \n\nUser: admin , state: open, DateTime: 2023-10-02 14:19:22: \nTask has been updated \n\nUser:pl,state:open,DateTime:2023-10-02 14:18:52 \nTask has been created\n','sprint1','zoo','done','pl','dev1','2023-10-02 14:18:52','#b8e986'),('task1','this is my Task_description','zoo_37','User:pl,state:open,DateTime:2023-10-02 16:07:28 \nTask has been created\n','sprint1','zoo','open','pl','pl','2023-10-02 16:07:28',NULL),('task1','this is my Task_description','zoo_38','User:pl,state:open,DateTime:2023-10-03 09:20:00 \nTask has been created\n','sprint1','zoo','open','pl','pl','2023-10-03 09:20:00',NULL),('task1','1','zoo_39','User:pl,state:open,DateTime:2023-10-03 09:40:10 \nTask has been created\n','sprint1','zoo','open','pl','pl','2023-10-03 09:40:10',NULL),('task2','1','zoo_40','User:pl,state:open,DateTime:2023-10-03 09:42:59 \nTask has been created\n','sprint1','zoo','open','pl','pl','2023-10-03 09:42:59',NULL),('task1','this is my Task_description','zoo_41','User:pl,state:open,DateTime:2023-10-04 08:34:55 \nTask has been created\n','sprint1','zoo','open','pl','pl','2023-10-04 08:34:55',NULL),('test',NULL,'zoo_5','User:admin,state:open,DateTime:2023-09-14 13:52:59 \nTask has been created\n\n\nUser: admin ,state: open,DateTime: 2023-09-14 13:53:14: \nTask has been updated \n\n\nUser: admin ,state: open,DateTime: 2023-09-14 14:12:31: \nTask has been updated \n\n\nUser: admin ,state: open,DateTime: undefined: \nTask has been Promoted  \n\n\nUser: admin ,state: open,DateTime: 2023-09-14 14:13:06: \nTask has been updated \n\n\nUser: admin ,state: open,DateTime: 2023-09-14 14:21:19: \nTask has been Promoted  \n\n\nUser: admin ,state: open,DateTime: 2023-09-14 14:36:57: \nTask has been updated \ntest\n\nUser: admin ,state: open,DateTime: 2023-09-14 14:37:13: \nTask has been updated \ntest promote\n\nUser: admin ,state: open,DateTime: 2023-09-14 14:37:13: \nTask has been Promoted  \n\n\nUser: admin ,state: todo,DateTime: 2023-09-14 15:45:49: \nTask has been updated \ntest in todo\n\nUser: admin ,state: todo,DateTime: 2023-09-14 15:49:07: \nTask has been updated \n\n\nUser: admin ,state: todo,DateTime: 2023-09-14 15:52:09: \nTask has been updated \ntest\n\nUser: admin ,state: todo,DateTime: 2023-09-14 15:52:14: \nTask has been updated \n\n\nUser: admin ,state: todo,DateTime: 2023-09-15 09:03:25: \nTask has been updated \ntesting\n\nUser: admin ,state: todo,DateTime: 2023-09-15 09:03:25: \nStarted to work on task \n\n\nUser: admin ,state: doing,DateTime: 2023-09-15 09:22:40: \nTask has been updated \n\n\nUser: admin ,state: doing,DateTime: 2023-09-15 09:23:51: \nTask has been updated \n\n\nUser: admin ,state: doing,DateTime: 2023-09-15 09:23:51: \nCompleted the task \n\n\nUser: admin ,state: done,DateTime: 2023-09-15 09:36:44: \nTask has been updated \n\n\nUser: admin ,state: done,DateTime: 2023-09-15 09:36:44: \nClosed the task \n','sprint1','zoo','close','admin','admin','2023-09-14 13:52:59','#b8e986'),('test2',NULL,'zoo_6','User: pl , state: done, DateTime: 2023-09-22 10:05:49: \nTask has been closed. Task has been promoted to close state  \n\nUser: pl , state: done, DateTime: 2023-09-22 10:05:49: \nTask has been updated \n\nUser: dev1 , state: doing, DateTime: 2023-09-22 10:03:00: \nTask has been completed. Task has been promoted to Done state  \n\nUser: dev1 , state: doing, DateTime: 2023-09-22 10:03:00: \nTask has been updated \n\nUser: dev1 , state: todo, DateTime: 2023-09-22 10:02:48: \nStarted to work on task. Task has been promoted to Doing state  \n\nUser: dev1 , state: todo, DateTime: 2023-09-22 10:02:48: \nTask has been updated \n\nUser: dev1 , state: doing, DateTime: 2023-09-22 10:02:38: \nStopped working on task. Task has been demoted to todo state \n\nUser: dev1 , state: doing, DateTime: 2023-09-22 10:02:38: \nTask has been updated \n\nUser: pl , state: done, DateTime: 2023-09-21 14:46:06: \nTask has been rejected. Task has been demoted to doing state \n\nUser: pl , state: done, DateTime: 2023-09-21 14:46:06: \nTask has been updated \n\nUser: admin , state: doing, DateTime: 2023-09-20 15:07:13: \nTask has been completed  \n\nUser: admin , state: doing, DateTime: 2023-09-20 15:07:13: \nTask has been updated \n\nUser: admin , state: done, DateTime: 2023-09-20 15:07:06: \nTask has been rejected \n\nUser: admin , state: done, DateTime: 2023-09-20 15:07:06: \nTask has been updated \n\nUser: user , state: doing, DateTime: 2023-09-20 15:02:28: \nTask has been completed  \n\nUser: user , state: doing, DateTime: 2023-09-20 15:02:28: \nTask has been updated \n\nUser: user , state: todo, DateTime: 2023-09-20 15:02:27: \nStarted to work on task  \n\nUser: user , state: todo, DateTime: 2023-09-20 15:02:27: \nTask has been updated \n\nUser: admin , state: doing, DateTime: 2023-09-19 13:58:42: \nStopped working on task \n\nUser: admin , state: doing, DateTime: 2023-09-19 13:58:42: \nTask has been updated \n\nUser: admin , state: done, DateTime: 2023-09-19 13:56:32: \nTask has been rejected \n\nUser: admin , state: done, DateTime: 2023-09-19 13:56:32: \nTask has been updated \n\nUser: admin , state: doing, DateTime: 2023-09-19 13:56:28: \nTask has been completed  \n\nUser: admin , state: doing, DateTime: 2023-09-19 13:56:28: \nTask has been updated \n\nUser: admin , state: done, DateTime: 2023-09-19 13:53:33: \nTask has been rejected \n\nUser: admin , state: done, DateTime: 2023-09-19 13:53:33: \nTask has been updated \n\nUser: admin , state: doing, DateTime: 2023-09-19 13:53:27: \nTask has been completed  \n\nUser: admin , state: doing, DateTime: 2023-09-19 13:53:27: \nTask has been updated \n\nUser: admin , state: done, DateTime: 2023-09-19 13:53:22: \nTask has been rejected \n\nUser: admin , state: done, DateTime: 2023-09-19 13:53:22: \nTask has been updated \n\nUser: admin , state: doing, DateTime: 2023-09-19 13:53:19: \nTask has been completed  \n\nUser: admin , state: doing, DateTime: 2023-09-19 13:53:19: \nTask has been updated \n\nUser: admin , state: done, DateTime: 2023-09-19 13:53:15: \nTask has been rejected \n\nUser: admin , state: done, DateTime: 2023-09-19 13:53:15: \nTask has been updated \n\nUser: admin , state: doing, DateTime: 2023-09-19 13:52:24: \nTask has been completed  \n\nUser: admin , state: doing, DateTime: 2023-09-19 13:52:24: \nTask has been updated \n\nUser: user , state: todo, DateTime: 2023-09-19 13:45:42: \nStarted to work on task  \n\nUser: user , state: todo, DateTime: 2023-09-19 13:45:42: \nTask has been updated \nNotes: hello\n\nUser: user , state: doing, DateTime: 2023-09-19 13:43:22: \nStopped working on task \n\nUser: user , state: doing, DateTime: 2023-09-19 13:43:22: \nTask has been updated \n\nUser: user , state: doing, DateTime: 2023-09-19 13:31:47: \nTask has been updated \n\nUser: user , state: doing, DateTime: 2023-09-19 13:31:37: \nTask has been updated \n\nUser: admin , state: done, DateTime: 2023-09-18 17:09:45: \nTask has been rejected \n\nUser: admin , state: done, DateTime: 2023-09-18 17:09:45: \nTask has been updated \n\nUser: admin , state: doing, DateTime: 2023-09-18 17:04:50: \nTask has been completed  \n\nUser: admin , state: doing, DateTime: 2023-09-18 17:04:50: \nTask has been updated \n\nUser: admin , state: done, DateTime: 2023-09-18 17:04:47: \nTask has been rejected \n\nUser: admin , state: done, DateTime: 2023-09-18 17:04:47: \nTask has been updated \n\nUser: admin , state: doing, DateTime: 2023-09-18 16:56:10: \nTask has been completed  \n\nUser: admin , state: doing, DateTime: 2023-09-18 16:56:10: \nTask has been updated \n\nUser: admin , state: done, DateTime: 2023-09-18 16:53:12: \nTask has been rejected \n\nUser: admin , state: done, DateTime: 2023-09-18 16:53:12: \nTask has been updated \n\nUser: admin , state: doing, DateTime: 2023-09-18 16:53:07: \nTask has been completed  \n\nUser: admin , state: doing, DateTime: 2023-09-18 16:53:07: \nTask has been updated \n\nUser: admin , state: done, DateTime: 2023-09-18 16:53:02: \nTask has been rejected \n\nUser: admin , state: done, DateTime: 2023-09-18 16:53:02: \nTask has been updated \n\nUser: admin , state: doing, DateTime: 2023-09-18 16:49:40: \nTask has been completed  \n\nUser: admin , state: doing, DateTime: 2023-09-18 16:49:40: \nTask has been updated \n\nUser: admin , state: done, DateTime: 2023-09-18 16:46:31: \nTask has been rejected \n\nUser: admin , state: done, DateTime: 2023-09-18 16:46:31: \nTask has been updated \n\nUser: admin , state: doing, DateTime: 2023-09-18 16:42:55: \nTask has been completed  \n\nUser: admin , state: doing, DateTime: 2023-09-18 16:42:55: \nTask has been updated \n\nUser: admin , state: done, DateTime: 2023-09-18 16:42:31: \nTask has been rejected \n\nUser: admin , state: done, DateTime: 2023-09-18 16:42:31: \nTask has been updated \n\nUser: admin , state: doing, DateTime: 2023-09-18 16:42:05: \nTask has been completed  \n\nUser: admin , state: doing, DateTime: 2023-09-18 16:42:05: \nTask has been updated \n\nUser: admin , state: done, DateTime: 2023-09-18 16:37:28: \nTask has been rejected \n\nUser: admin , state: done, DateTime: 2023-09-18 16:37:28: \nTask has been updated \n\nUser: admin , state: doing, DateTime: 2023-09-18 16:36:52: \nTask has been completed  \n\nUser: admin , state: doing, DateTime: 2023-09-18 16:36:52: \nTask has been updated \n\nUser: admin , state: done, DateTime: 2023-09-18 16:36:49: \nTask has been rejected \n\nUser: admin , state: done, DateTime: 2023-09-18 16:36:49: \nTask has been updated \n\nUser: admin , state: doing, DateTime: 2023-09-18 16:36:38: \nTask has been completed  \n\nUser: admin , state: doing, DateTime: 2023-09-18 16:36:38: \nTask has been updated \n\nUser: admin , state: done, DateTime: 2023-09-18 16:35:04: \nTask has been rejected \n\nUser: admin , state: done, DateTime: 2023-09-18 16:35:04: \nTask has been updated \n\nUser: admin , state: doing, DateTime: 2023-09-18 16:34:48: \nTask has been completed  \n\nUser: admin , state: doing, DateTime: 2023-09-18 16:34:48: \nTask has been updated \n\nUser: admin , state: done, DateTime: 2023-09-18 16:33:00: \nTask has been rejected \n\nUser: admin , state: done, DateTime: 2023-09-18 16:33:00: \nTask has been updated \n\nUser: admin , state: doing, DateTime: 2023-09-18 16:03:36: \nTask has been completed  \n\nUser: admin , state: doing, DateTime: 2023-09-18 16:03:36: \nTask has been updated \nUser: admin , state: done, DateTime: 2023-09-18 15:34:24: \nTask has been rejected \nUser: admin , state: done, DateTime: 2023-09-18 15:34:24: \nTask has been updated \nUser: admin , state: doing, DateTime: 2023-09-18 15:34:21: \nTask has been completed  \n\nUser: admin , state: doing, DateTime: 2023-09-18 15:34:21: \nTask has been updated \nUser: admin , state: done, DateTime: 2023-09-18 15:34:17: \nTask has been rejected \nUser: admin , state: done, DateTime: 2023-09-18 15:34:17: \nTask has been updated \nUser: admin , state: doing, DateTime: 2023-09-18 15:34:10: \nTask has been completed  \n\nUser: admin , state: doing, DateTime: 2023-09-18 15:34:10: \nTask has been updated \nUser: admin , state: done, DateTime: 2023-09-18 15:29:27: \nTask has been rejected \nUser: admin , state: done, DateTime: 2023-09-18 15:29:27: \nTask has been updated \nUser: admin , state: doing, DateTime: 2023-09-18 15:29:22: \nTask has been completed  \n\nUser: admin , state: doing, DateTime: 2023-09-18 15:29:22: \nTask has been updated \nUser: admin , state: done, DateTime: 2023-09-18 15:28:43: \nTask has been rejected \nUser: admin , state: done, DateTime: 2023-09-18 15:28:43: \nTask has been updated \nUser: admin , state: doing, DateTime: 2023-09-18 15:28:34: \nTask has been completed  \n\nUser: admin , state: doing, DateTime: 2023-09-18 15:28:34: \nTask has been updated \nUser: admin , state: done, DateTime: 2023-09-18 15:27:39: \nTask has been rejected \nUser: admin , state: done, DateTime: 2023-09-18 15:27:39: \nTask has been updated \nUser: admin , state: doing, DateTime: 2023-09-18 15:26:54: \nTask has been completed  \n\nUser: admin , state: doing, DateTime: 2023-09-18 15:26:54: \nTask has been updated \nUser: admin , state: done, DateTime: 2023-09-18 15:26:49: \nTask has been rejected \nUser: admin , state: done, DateTime: 2023-09-18 15:26:49: \nTask has been updated \nUser: admin , state: done, DateTime: 2023-09-18 15:26:17: \nTask has been updated \nUser: admin , state: done, DateTime: 2023-09-18 15:24:55: \nTask has been updated \nUser: admin , state: done, DateTime: 2023-09-18 15:19:41: \nTask has been updated \nUser: admin , state: done, DateTime: 2023-09-18 15:19:36: \nTask has been updated \nUser: admin , state: done, DateTime: 2023-09-18 15:18:54: \nTask has been updated \nUser: admin , state: doing, DateTime: 2023-09-18 15:17:10: \nTask has been completed  \n\nUser: admin , state: doing, DateTime: 2023-09-18 15:17:10: \nTask has been updated \nUser: admin , state: done, DateTime: 2023-09-18 15:15:21: \nTask has been rejected \nUser: admin , state: done, DateTime: 2023-09-18 15:15:21: \nTask has been updated \nUser: admin , state: doing, DateTime: 2023-09-18 15:00:43: \nTask has been completed  \n\nUser: admin , state: doing, DateTime: 2023-09-18 15:00:43: \nTask has been updated \nUser: admin , state: done, DateTime: 2023-09-18 15:00:33: \nTask has been rejected \nUser: admin , state: done, DateTime: 2023-09-18 15:00:33: \nTask has been updated \nUser: admin , state: doing, DateTime: 2023-09-18 14:59:47: \nTask has been completed  \n\nUser: admin , state: doing, DateTime: 2023-09-18 14:59:47: \nTask has been updated \nUser: admin , state: done, DateTime: 2023-09-18 14:59:42: \nTask has been rejected \nUser: admin , state: done, DateTime: 2023-09-18 14:59:42: \nTask has been updated \nUser: admin , state: doing, DateTime: 2023-09-18 14:59:37: \nTask has been completed  \n\nUser: admin , state: doing, DateTime: 2023-09-18 14:59:37: \nTask has been updated \nUser: admin , state: done, DateTime: 2023-09-18 14:59:33: \nTask has been rejected \nUser: admin , state: done, DateTime: 2023-09-18 14:59:33: \nTask has been updated \nUser: admin , state: doing, DateTime: 2023-09-18 13:50:35: \nTask has been completed  \n\nUser: admin , state: doing, DateTime: 2023-09-18 13:50:35: \nTask has been updated \n\n\nUser: admin ,state: done,DateTime: 2023-09-15 17:55:27: \nTask has been rejected \nUser: admin ,\nstate: done,\nDateTime: 2023-09-15 17:55:27: \nTask has been updated \nUser: admin ,\nstate: doing,\nDateTime: 2023-09-15 17:55:10: \nTask has been updated \nUser: admin ,\nstate: todo,\nDateTime: 2023-09-15 17:55:05: \nTask has been updated \n\n\nUser: admin ,state: doing,DateTime: 2023-09-15 17:54:55: \nStopped working on task \nUser: admin ,\nstate: doing,\nDateTime: 2023-09-15 17:54:55: \nTask has been updated \n\n\nUser: admin ,state: done,DateTime: 2023-09-15 17:54:52: \nTask has been rejected \nUser: admin ,\nstate: done,\nDateTime: 2023-09-15 17:54:52: \nTask has been updated \nUser: admin ,\nstate: doing,\nDateTime: 2023-09-15 17:54:49: \nTask has been updated \nUser: admin ,\nstate: todo,\nDateTime: 2023-09-15 17:54:45: \nTask has been updated \nUser: admin ,\nstate: todo,\nDateTime: 2023-09-15 13:13:55: \nTask has been updated \ntest\n\nUser:admin,state:open,DateTime:2023-09-14 16:21:09 \nTask has been created\n\n\nUser: admin ,state: open,DateTime: 2023-09-14 17:14:01: \nTask has been updated \n\n\nUser: admin ,state: open,DateTime: 2023-09-14 17:17:18: \nTask has been updated \n\n\nUser: admin ,state: open,DateTime: 2023-09-14 17:18:40: \nTask has been updated \n\n\nUser: admin ,state: open,DateTime: 2023-09-14 17:19:23: \nTask has been updated \n\n\nUser: admin ,state: open,DateTime: 2023-09-14 17:19:38: \nTask has been updated \n\n\nUser: admin ,state: open,DateTime: 2023-09-14 17:37:42: \nTask has been updated \n\n\nUser: admin ,state: open,DateTime: 2023-09-14 17:38:43: \nTask has been updated \n\n\nUser: admin ,state: open,DateTime: 2023-09-14 17:39:20: \nTask has been updated \n\n\nUser: admin ,state: open,DateTime: 2023-09-14 17:39:50: \nTask has been updated \n\n\nUser: admin ,state: open,DateTime: 2023-09-14 17:40:17: \nTask has been updated \n\n\nUser: admin ,state: open,DateTime: 2023-09-14 17:40:34: \nTask has been updated \n\n\nUser: admin ,state: open,DateTime: 2023-09-14 17:40:34: \nTask has been Promoted  \n\n\nUser: admin ,state: open,DateTime: 2023-09-15 08:42:21: \nTask has been updated \n\n\nUser: admin ,state: open,DateTime: 2023-09-15 08:42:21: \nTask has been Promoted  \n\n\nUser: admin ,state: todo,DateTime: 2023-09-15 08:52:44: \nTask has been updated \ntesting to promote to workon\n\nUser: admin ,state: todo,DateTime: 2023-09-15 08:52:44: \nTask has been Promoted  \n\n\nUser: admin ,state: doing,DateTime: 2023-09-15 09:21:10: \nTask has been updated \ncomplete my task\n\nUser: admin ,state: doing,DateTime: 2023-09-15 09:44:11: \nTask has been updated \n\n\nUser: admin ,state: doing,DateTime: 2023-09-15 09:44:11: \nTask has been completed \n\n\nUser: admin ,state: done,DateTime: 2023-09-15 10:00:31: \nTask has been updated \n\n\nUser: admin ,state: done,DateTime: 2023-09-15 10:00:31: \nTask has been rejected \n\n\nUser: admin ,state: doing,DateTime: 2023-09-15 10:00:34: \nTask has been updated \n\n\nUser: admin ,state: doing,DateTime: 2023-09-15 10:00:34: \nStopped working on task \n\n\nUser: admin ,state: todo,DateTime: 2023-09-15 10:01:44: \nTask has been updated \n\n\nUser: admin ,state: todo,DateTime: 2023-09-15 10:02:47: \nTask has been updated \n\n\nUser: admin ,state: todo,DateTime: 2023-09-15 10:06:44: \nTask has been updated \n\n\nUser: admin ,state: todo,DateTime: 2023-09-15 10:07:09: \nTask has been updated \n\n\nUser: admin ,state: todo,DateTime: 2023-09-15 10:07:53: \nTask has been updated \n\n\nUser: admin ,state: todo,DateTime: 2023-09-15 10:31:38: \nTask has been updated \n\n\nUser: admin ,state: todo,DateTime: 2023-09-15 10:31:38: \nStarted to work on task \n\n\nUser: admin ,state: doing,DateTime: 2023-09-15 10:31:41: \nTask has been updated \n\n\nUser: admin ,state: doing,DateTime: 2023-09-15 10:31:41: \nStopped working on task \n\n\nUser: admin ,state: todo,DateTime: 2023-09-15 10:31:59: \nTask has been updated \n\n\nUser: admin ,state: todo,DateTime: 2023-09-15 10:31:59: \nStarted to work on task \n\n\nUser: admin ,state: doing,DateTime: 2023-09-15 10:32:01: \nTask has been updated \n\n\nUser: admin ,state: doing,DateTime: 2023-09-15 10:32:01: \nTask has been completed \n\n\nUser: admin ,state: done,DateTime: 2023-09-15 10:41:34: \nTask has been updated \n\n\nUser: admin ,state: done,DateTime: 2023-09-15 10:41:34: \nTask has been rejected \n\n\nUser: admin ,state: doing,DateTime: 2023-09-15 10:41:38: \nTask has been updated \n\n\nUser: admin ,state: doing,DateTime: 2023-09-15 10:41:38: \nTask has been completed \n\n\nUser: admin ,state: done,DateTime: 2023-09-15 10:55:32: \nTask has been updated \n\n\nUser: admin ,state: done,DateTime: 2023-09-15 10:55:32: \nTask has been rejected \n\n\nUser: admin ,state: doing,DateTime: 2023-09-15 10:55:35: \nTask has been updated \n\n\nUser: admin ,state: doing,DateTime: 2023-09-15 10:55:35: \nStopped working on task \n\n\nUser: admin ,state: todo,DateTime: 2023-09-15 10:55:39: \nTask has been updated \n\n\nUser: admin ,state: todo,DateTime: 2023-09-15 10:55:39: \nStarted to work on task \n\n\nUser: admin ,state: doing,DateTime: 2023-09-15 10:56:00: \nTask has been updated \n\n\nUser: admin ,state: doing,DateTime: 2023-09-15 10:56:00: \nTask has been completed \n\n\nUser: admin ,state: done,DateTime: 2023-09-15 11:06:56: \nTask has been updated \n\n\nUser: admin ,state: done,DateTime: 2023-09-15 11:06:56: \nTask has been rejected \n\n\nUser: admin ,state: doing,DateTime: 2023-09-15 11:06:59: \nTask has been updated \n\n\nUser: admin ,state: doing,DateTime: 2023-09-15 11:06:59: \nStopped working on task \n\n\nUser: admin ,state: todo,DateTime: 2023-09-15 11:39:05: \nTask has been updated \n\n\nUser: admin ,state: todo,DateTime: 2023-09-15 11:39:05: \nStarted to work on task \n\n\nUser: admin ,state: doing,DateTime: 2023-09-15 11:39:07: \nTask has been updated \n\n\nUser: admin ,state: doing,DateTime: 2023-09-15 11:39:07: \nTask has been completed \n\n\nUser: admin ,state: done,DateTime: 2023-09-15 11:40:41: \nTask has been updated \n\n\nUser: admin ,state: done,DateTime: 2023-09-15 11:40:41: \nTask has been rejected \n\n\nUser: admin ,state: doing,DateTime: 2023-09-15 11:40:43: \nTask has been updated \n\n\nUser: admin ,state: doing,DateTime: 2023-09-15 11:40:43: \nStopped working on task \nUser: admin , \nstate: todo, \nDateTime: 2023-09-15 17:54:45: \nStarted to work on task  \n\nUser: admin , \nstate: doing, \nDateTime: 2023-09-15 17:54:49: \nTask has been completed  \n\nUser: admin , \nstate: todo, \nDateTime: 2023-09-15 17:55:05: \nStarted to work on task  \n\nUser: admin , \nstate: doing, \nDateTime: 2023-09-15 17:55:10: \nTask has been completed  \n\n','testv4','zoo','close','admin','pl','2023-09-14 16:21:09','#bd10e0'),('test3','test3','zoo_7','User: admin , state: done, DateTime: 2023-10-02 09:16:37: \nTask has been rejected. Task has been demoted to doing state \n\nUser: admin , state: done, DateTime: 2023-10-02 09:16:37: \nTask has been updated \n\nUser: admin , state: doing, DateTime: 2023-09-20 15:22:34: \nTask has been completed  \n\nUser: admin , state: doing, DateTime: 2023-09-20 15:22:34: \nTask has been updated \n\nUser: admin , state: done, DateTime: 2023-09-20 15:14:28: \nTask has been rejected \n\nUser: admin , state: done, DateTime: 2023-09-20 15:14:28: \nTask has been updated \n\nUser: admin , state: doing, DateTime: 2023-09-20 15:10:19: \nTask has been completed  \n\nUser: admin , state: doing, DateTime: 2023-09-20 15:10:19: \nTask has been updated \n\nUser: admin , state: done, DateTime: 2023-09-20 15:07:08: \nTask has been rejected \n\nUser: admin , state: done, DateTime: 2023-09-20 15:07:08: \nTask has been updated \n\nUser: user , state: doing, DateTime: 2023-09-20 15:05:49: \nTask has been completed  \n\nUser: user , state: doing, DateTime: 2023-09-20 15:05:49: \nTask has been updated \n\nUser: user , state: todo, DateTime: 2023-09-20 15:05:48: \nStarted to work on task  \n\nUser: user , state: todo, DateTime: 2023-09-20 15:05:48: \nTask has been updated \n\nUser: admin , state: doing, DateTime: 2023-09-18 17:27:06: \nStopped working on task \n\nUser: admin , state: doing, DateTime: 2023-09-18 17:27:06: \nTask has been updated \n\nUser: admin , state: todo, DateTime: 2023-09-18 17:27:02: \nStarted to work on task  \n\nUser: admin , state: todo, DateTime: 2023-09-18 17:27:02: \nTask has been updated \n\nUser: admin , state: open, DateTime: 2023-09-18 17:24:33: \nTask has been Promoted  \n\nUser: admin , state: open, DateTime: 2023-09-18 17:24:33: \nTask has been updated \n\nUser: admin , state: open, DateTime: 2023-09-18 17:05:01: \nTask has been updated \n\nUser: admin , state: open, DateTime: 2023-09-18 17:04:58: \nTask has been updated \n\nUser: admin , state: open, DateTime: 2023-09-18 16:54:21: \nTask has been updated \n\nUser: admin , state: open, DateTime: 2023-09-18 16:53:18: \nTask has been updated \n\nUser: admin , state: open, DateTime: 2023-09-18 16:02:10: \nTask has been updated \nUser: admin , state: open, DateTime: 2023-09-18 16:01:33: \nTask has been updated \nUser: admin , state: open, DateTime: 2023-09-18 13:49:40: \nTask has been updated \nNotes: test\n\nUser: admin ,\nstate: open,\nDateTime: 2023-09-18 13:25:51: \nTask has been updated \nUser: admin ,\nstate: open,\nDateTime: 2023-09-18 13:12:13: \nTask has been updated \nUser:admin,state:open,DateTime:2023-09-18 13:11:39 \nTask has been created\nUser: admin , \nstate: open, \nDateTime: 2023-09-18 13:12:13: \nTask has been Promoted  \n\n',NULL,'zoo','doing','admin','admin','2023-09-18 13:11:39',NULL),('test4',NULL,'zoo_8','User: pl , state: done, DateTime: 2023-09-21 14:46:12: \nTask has been closed. Task has been promoted to close state  \n\nUser: pl , state: done, DateTime: 2023-09-21 14:46:12: \nTask has been updated \n\nUser: dev1 , state: doing, DateTime: 2023-09-21 14:30:13: \nTask has been completed. Task has been promoted to Done state  \n\nUser: dev1 , state: doing, DateTime: 2023-09-21 14:30:13: \nTask has been updated \n\nUser: dev1 , state: doing, DateTime: 2023-09-21 08:47:32: \nTask has been updated \n\nUser: dev1 , state: doing, DateTime: 2023-09-21 08:44:53: \nTask has been updated \nNotes: test\n\nUser: user , state: doing, DateTime: 2023-09-20 15:58:21: \nTask has been updated \n\nUser: admin , state: done, DateTime: 2023-09-20 15:07:11: \nTask has been rejected \n\nUser: admin , state: done, DateTime: 2023-09-20 15:07:11: \nTask has been updated \n\nUser: user , state: doing, DateTime: 2023-09-20 15:00:43: \nTask has been completed  \n\nUser: user , state: doing, DateTime: 2023-09-20 15:00:43: \nTask has been updated \n\nUser: admin , state: done, DateTime: 2023-09-20 15:00:35: \nTask has been rejected \n\nUser: admin , state: done, DateTime: 2023-09-20 15:00:35: \nTask has been updated \n\nUser: admin , state: doing, DateTime: 2023-09-20 14:54:29: \nTask has been completed  \n\nUser: admin , state: doing, DateTime: 2023-09-20 14:54:29: \nTask has been updated \n\nUser: admin , state: done, DateTime: 2023-09-20 14:54:27: \nTask has been rejected \n\nUser: admin , state: done, DateTime: 2023-09-20 14:54:27: \nTask has been updated \n\nUser: admin , state: doing, DateTime: 2023-09-20 14:52:47: \nTask has been completed  \n\nUser: admin , state: doing, DateTime: 2023-09-20 14:52:47: \nTask has been updated \n\nUser: admin , state: done, DateTime: 2023-09-20 14:52:42: \nTask has been rejected \n\nUser: admin , state: done, DateTime: 2023-09-20 14:52:42: \nTask has been updated \n\nUser: user , state: doing, DateTime: 2023-09-20 14:51:21: \nTask has been completed  \n\nUser: user , state: doing, DateTime: 2023-09-20 14:51:21: \nTask has been updated \n\nUser: admin , state: done, DateTime: 2023-09-20 14:51:10: \nTask has been rejected \n\nUser: admin , state: done, DateTime: 2023-09-20 14:51:10: \nTask has been updated \n\nUser: user , state: doing, DateTime: 2023-09-20 14:44:26: \nTask has been completed  \n\nUser: user , state: doing, DateTime: 2023-09-20 14:44:26: \nTask has been updated \n\nUser: admin , state: done, DateTime: 2023-09-20 14:44:15: \nTask has been rejected \n\nUser: admin , state: done, DateTime: 2023-09-20 14:44:15: \nTask has been updated \n\nUser: user , state: doing, DateTime: 2023-09-20 14:41:29: \nTask has been completed  \n\nUser: user , state: doing, DateTime: 2023-09-20 14:41:29: \nTask has been updated \n\nUser: admin , state: done, DateTime: 2023-09-20 14:38:35: \nTask has been rejected \n\nUser: admin , state: done, DateTime: 2023-09-20 14:38:35: \nTask has been updated \n\nUser: user , state: doing, DateTime: 2023-09-20 14:36:19: \nTask has been completed  \n\nUser: user , state: doing, DateTime: 2023-09-20 14:36:19: \nTask has been updated \n\nUser: admin , state: done, DateTime: 2023-09-20 14:34:39: \nTask has been rejected \n\nUser: admin , state: done, DateTime: 2023-09-20 14:34:39: \nTask has been updated \n\nUser: user , state: doing, DateTime: 2023-09-20 14:30:51: \nTask has been completed  \n\nUser: user , state: doing, DateTime: 2023-09-20 14:30:51: \nTask has been updated \n\nUser: admin , state: done, DateTime: 2023-09-20 14:30:42: \nTask has been rejected \n\nUser: admin , state: done, DateTime: 2023-09-20 14:30:42: \nTask has been updated \n\nUser: user , state: doing, DateTime: 2023-09-20 14:28:28: \nTask has been completed  \n\nUser: user , state: doing, DateTime: 2023-09-20 14:28:28: \nTask has been completed  \n\nUser: user , state: doing, DateTime: 2023-09-20 14:28:28: \nTask has been updated \n\nUser: admin , state: done, DateTime: 2023-09-20 14:26:17: \nTask has been rejected \n\nUser: admin , state: done, DateTime: 2023-09-20 14:26:17: \nTask has been updated \n\nUser: user , state: doing, DateTime: 2023-09-20 14:15:25: \nTask has been completed  \n\nUser: user , state: doing, DateTime: 2023-09-20 14:15:25: \nTask has been updated \n\nUser: user , state: done, DateTime: 2023-09-19 13:43:40: \nTask has been rejected \n\nUser: user , state: done, DateTime: 2023-09-19 13:43:40: \nTask has been updated \n\nUser: user , state: doing, DateTime: 2023-09-19 13:43:36: \nTask has been completed  \n\nUser: user , state: doing, DateTime: 2023-09-19 13:43:36: \nTask has been updated \n\nUser: user , state: done, DateTime: 2023-09-19 13:43:33: \nTask has been rejected \n\nUser: user , state: done, DateTime: 2023-09-19 13:43:33: \nTask has been updated \n\nUser: admin , state: doing, DateTime: 2023-09-18 17:27:20: \nTask has been completed  \n\nUser: admin , state: doing, DateTime: 2023-09-18 17:27:20: \nTask has been updated \n\nUser: admin , state: todo, DateTime: 2023-09-18 17:27:08: \nStarted to work on task  \n\nUser: admin , state: todo, DateTime: 2023-09-18 17:27:08: \nTask has been updated \n\nUser: admin , state: open, DateTime: 2023-09-18 17:24:46: \nTask has been Promoted  \n\nUser: admin , state: open, DateTime: 2023-09-18 17:24:46: \nTask has been updated \n\nUser: admin , state: open, DateTime: 2023-09-18 16:02:16: \nTask has been updated \nUser:admin,state:open,DateTime:2023-09-18 13:43:37 \nTask has been created\n','test2','zoo','close','admin','pl','2023-09-18 13:43:37','#88363f'),('test5','test','zoo_9','User: admin , state: open, DateTime: 2023-09-22 10:10:24: \nTask has been relased. Task has been promoted to Todo state  \n\nUser: admin , state: open, DateTime: 2023-09-22 10:10:24: \nTask has been updated \n\nUser: user , state: open, DateTime: 2023-09-19 13:32:39: \nTask has been updated \n\nUser: admin , state: open, DateTime: 2023-09-19 12:59:37: \nTask has been updated \n\nUser: admin , state: open, DateTime: 2023-09-19 09:40:25: \nTask has been updated \n\nUser:admin,state:open,DateTime:2023-09-19 09:23:41 \nTask has been created\n','test2','zoo','todo','admin','admin','2023-09-19 09:23:41','#88363f');
/*!40000 ALTER TABLE `task` ENABLE KEYS */;
UNLOCK TABLES;
/*!40103 SET TIME_ZONE=@OLD_TIME_ZONE */;

/*!40101 SET SQL_MODE=@OLD_SQL_MODE */;
/*!40014 SET FOREIGN_KEY_CHECKS=@OLD_FOREIGN_KEY_CHECKS */;
/*!40014 SET UNIQUE_CHECKS=@OLD_UNIQUE_CHECKS */;
/*!40101 SET CHARACTER_SET_CLIENT=@OLD_CHARACTER_SET_CLIENT */;
/*!40101 SET CHARACTER_SET_RESULTS=@OLD_CHARACTER_SET_RESULTS */;
/*!40101 SET COLLATION_CONNECTION=@OLD_COLLATION_CONNECTION */;
/*!40111 SET SQL_NOTES=@OLD_SQL_NOTES */;

-- Dump completed on 2023-10-20  9:17:55
